month,stock_return,direction,lag1_return,lag2_return,lag3_return
2011-01,-0.0166811,down,-0.0027868,-0.07460605,0.14096815
2011-02,0.05164168,up,-0.0166811,-0.0027868,-0.07460605
2011-03,-0.00503494,down,0.05164168,-0.0166811,-0.0027868
2011-04,-0.00952936,down,-0.00503494,0.05164168,-0.0166811
2011-05,-0.06174106,down,-0.00952936,-0.00503494,0.05164168
2011-06,0.01406985,up,-0.06174106,-0.00952936,-0.00503494
2011-07,-0.02393996,down,0.01406985,-0.06174106,-0.00952936
2011-08,-0.04307351,down,-0.02393996,0.01406985,-0.06174106
2011-09,-0.09787601,down,-0.04307351,-0.02393996,0.01406985
2011-10,0.04320071,up,-0.09787601,-0.04307351,-0.02393996
2011-11,-0.06665133,down,0.04320071,-0.09787601,-0.04307351
2011-12,-0.07226098,down,-0.06665133,0.04320071,-0.09787601
2012-01,0.04929064,up,-0.07226098,-0.06665133,0.04320071
2012-02,0.06666519,up,0.04929064,-0.07226098,-0.06665133
2012-03,-0.07047073,down,0.06666519,0.04929064,-0.07226098
2012-04,0.06743668,up,-0.07047073,0.06666519,0.04929064
2012-05,0.00223651,up,0.06743668,-0.07047073,0.06666519
2012-06,-0.0669436,down,0.00223651,0.06743668,-0.07047073
2012-07,-0.05369491,down,-0.0669436,0.00223651,0.06743668
2012-08,-0.05645215,down,-0.05369491,-0.0669436,0.00223651
2012-09,0.03924042,up,-0.05645215,-0.05369491,-0.0669436
2012-10,-0.01683883,down,0.03924042,-0.05645215,-0.05369491
2012-11,-0.05242321,down,-0.01683883,0.03924042,-0.05645215
2012-12,0.16478191,up,-0.05242321,-0.01683883,0.03924042
2013-01,0.06295182,up,0.16478191,-0.05242321,-0.01683883
2013-02,-0.00505578,down,0.06295182,0.16478191,-0.05242321
2013-03,-0.06900409,down,-0.00505578,0.06295182,0.16478191
2013-04,-0.01933133,down,-0.06900409,-0.00505578,0.06295182
2013-05,0.06299201,up,-0.01933133,-0.06900409,-0.00505578
2013-06,-0.16923324,down,0.06299201,-0.01933133,-0.06900409
2013-07,-0.00346864,down,-0.16923324,0.06299201,-0.01933133
2013-08,0.05365915,up,-0.00346864,-0.16923324,0.06299201
2013-09,0.04028959,up,0.05365915,-0.00346864,-0.16923324
2013-10,-0.01476998,down,0.04028959,0.05365915,-0.00346864
2013-11,0.02710517,up,-0.01476998,0.04028959,0.05365915
2013-12,-0.04568238,down,0.02710517,-0.01476998,0.04028959
2014-01,-0.05631077,down,-0.04568238,0.02710517,-0.01476998
2014-02,-0.01071809,down,-0.05631077,-0.04568238,0.02710517
2014-03,-0.0151022,down,-0.01071809,-0.05631077,-0.04568238
2014-04,0.00573757,up,-0.0151022,-0.01071809,-0.05631077
2014-05,-0.00101967,down,0.00573757,-0.0151022,-0.01071809
2014-06,0.0040078,up,-0.00101967,0.00573757,-0.0151022
2014-07,0.08204592,up,0.0040078,-0.00101967,0.00573757
2014-08,-0.00510181,down,0.08204592,0.0040078,-0.00101967
2014-09,0.04707213,up,-0.00510181,0.08204592,0.0040078
2014-10,0.02312517,up,0.04707213,-0.00510181,0.08204592
2014-11,0.11314727,up,0.02312517,0.04707213,-0.00510181
2014-12,0.22958384,up,0.11314727,0.02312517,0.04707213
2015-01,-0.02850898,down,0.22958384,0.11314727,0.02312517
2015-02,0.03952147,up,-0.02850898,0.22958384,0.11314727
2015-03,0.12565234,up,0.03952147,-0.02850898,0.22958384
2015-04,0.15910833,up,0.12565234,0.03952147,-0.02850898
2015-05,0.01896473,up,0.15910833,0.12565234,0.03952147
2015-06,-0.07902687,down,0.01896473,0.15910833,0.12565234
2015-07,-0.15867315,down,-0.07902687,0.01896473,0.15910833
2015-08,-0.12550066,down,-0.15867315,-0.07902687,0.01896473
2015-09,-0.04981325,down,-0.12550066,-0.15867315,-0.07902687
2015-10,0.09838075,up,-0.04981325,-0.12550066,-0.15867315
2015-11,0.00910648,up,0.09838075,-0.04981325,-0.12550066
2015-12,0.04511681,up,0.00910648,0.09838075,-0.04981325
2016-01,-0.23619743,down,0.04511681,0.00910648,0.09838075
2016-02,-0.02356743,down,-0.23619743,0.04511681,0.00910648
2016-03,0.11187658,up,-0.02356743,-0.23619743,0.04511681
2016-04,-0.019245,down,0.11187658,-0.02356743,-0.23619743
2016-05,0.00404976,up,-0.019245,0.11187658,-0.02356743
2016-06,-0.00494665,down,0.00404976,-0.019245,0.11187658
2016-07,0.01573206,up,-0.00494665,0.00404976,-0.019245
2016-08,0.03793024,up,0.01573206,-0.00494665,0.00404976
2016-09,-0.0226447,down,0.03793024,0.01573206,-0.00494665
2016-10,0.0251927,up,-0.0226447,0.03793024,0.01573206
2016-11,0.05870518,up,0.0251927,-0.0226447,0.03793024
2016-12,-0.06658924,down,0.05870518,0.0251927,-0.0226447
2017-01,0.02325561,up,-0.06658924,0.05870518,0.0251927
2017-02,0.01896042,up,0.02325561,-0.06658924,0.05870518
2017-03,0.00093793,up,0.01896042,0.02325561,-0.06658924
2017-04,-0.00472752,down,0.00093793,0.01896042,0.02325561
2017-05,0.01532782,up,-0.00472752,0.00093793,0.01896042
2017-06,0.04859274,up,0.01532782,-0.00472752,0.00093793
2017-07,0.01919658,up,0.04859274,0.01532782,-0.00472752
2017-08,0.02228146,up,0.01919658,0.04859274,0.01532782
2017-09,0.0037631,up,0.02228146,0.01919658,0.04859274
2017-10,0.04341246,up,0.0037631,0.02228146,0.01919658
2017-11,-0.00015475,down,0.04341246,0.0037631,0.02228146
2017-12,0.00615907,up,-0.00015475,0.04341246,0.0037631
2018-01,0.05901733,up,0.00615907,-0.00015475,0.04341246
2018-02,-0.06080764,down,0.05901733,0.00615907,-0.00015475
2018-03,-0.0315951,down,-0.06080764,0.05901733,0.00615907
2018-04,-0.03700304,down,-0.0315951,-0.06080764,0.05901733
2018-05,0.01203836,up,-0.03700304,-0.0315951,-0.06080764
2018-06,-0.07973199,down,0.01203836,-0.03700304,-0.0315951
2018-07,0.0019008,up,-0.07973199,0.01203836,-0.03700304
2018-08,-0.05347325,down,0.0019008,-0.07973199,0.01203836
2018-09,0.03081728,up,-0.05347325,0.0019008,-0.07973199
2018-10,-0.0865256,down,0.03081728,-0.05347325,0.0019008
2018-11,0.00596539,up,-0.0865256,0.03081728,-0.05347325
2018-12,-0.05242381,down,0.00596539,-0.0865256,0.03081728
2019-01,0.06150405,up,-0.05242381,0.00596539,-0.0865256
2019-02,0.13635993,up,0.06150405,-0.05242381,0.00596539
2019-03,0.05383899,up,0.13635993,0.06150405,-0.05242381
2019-04,0.01049903,up,0.05383899,0.13635993,0.06150405
2019-05,-0.07518321,down,0.01049903,0.05383899,0.13635993
2019-06,0.05253791,up,-0.07518321,0.01049903,0.05383899
2019-07,0.0025506,up,0.05253791,-0.07518321,0.01049903
2019-08,-0.00937014,down,0.0025506,0.05253791,-0.07518321
2019-09,0.00392429,up,-0.00937014,0.0025506,0.05253791
2019-10,0.01875587,up,0.00392429,-0.00937014,0.0025506
2019-11,-0.01505585,down,0.01875587,0.00392429,-0.00937014
2019-12,0.06763499,up,-0.01505585,0.01875587,0.00392429
2020-01,-0.02288359,down,0.06763499,-0.01505585,0.01875587
2020-02,-0.01607547,down,-0.02288359,0.06763499,-0.01505585
2020-03,-0.06660815,down,-0.01607547,-0.02288359,0.06763499
2020-04,0.05961174,up,-0.06660815,-0.01607547,-0.02288359
2020-05,-0.01171282,down,0.05961174,-0.06660815,-0.01607547
2020-06,0.07398236,up,-0.01171282,0.05961174,-0.06660815
2020-07,0.12004222,up,0.07398236,-0.01171282,0.05961174
2020-08,0.02548063,up,0.12004222,0.07398236,-0.01171282
2020-09,-0.04867597,down,0.02548063,0.12004222,0.07398236
2020-10,0.02325498,up,-0.04867597,0.02548063,0.12004222
2020-11,0.05488774,up,0.02325498,-0.04867597,0.02548063
2020-12,0.04937128,up,0.05488774,0.02325498,-0.04867597
2021-01,0.02663542,up,0.04937128,0.05488774,0.02325498
2021-02,-0.00284412,down,0.02663542,0.04937128,0.05488774
2021-03,-0.05555529,down,-0.00284412,0.02663542,0.04937128
2021-04,0.01477241,up,-0.05555529,-0.00284412,0.02663542
2021-05,0.03980991,up,0.01477241,-0.05555529,-0.00284412
2021-06,-0.0203747,down,0.03980991,0.01477241,-0.05555529
2021-07,-0.08233075,down,-0.0203747,0.03980991,0.01477241
2021-08,-0.00115631,down,-0.08233075,-0.0203747,0.03980991
2021-09,0.01256635,up,-0.00115631,-0.08233075,-0.0203747
2021-10,0.00867307,up,0.01256635,-0.00115631,-0.08233075
2021-11,-0.01575673,down,0.00867307,0.01256635,-0.00115631
2021-12,0.02217356,up,-0.01575673,0.00867307,0.01256635
2022-01,-0.07929119,down,0.02217356,-0.01575673,0.00867307
2022-02,0.00391016,up,-0.07929119,0.02217356,-0.01575673
2022-03,-0.08160814,down,0.00391016,-0.07929119,0.02217356
2022-04,-0.05010491,down,-0.08160814,0.00391016,-0.07929119
2022-05,0.0185704,up,-0.05010491,-0.08160814,0.00391016
2022-06,0.09182419,up,0.0185704,-0.05010491,-0.08160814
2022-07,-0.07280071,down,0.09182419,0.0185704,-0.05010491
2022-08,-0.02212738,down,-0.07280071,0.09182419,0.0185704
2022-09,-0.06952555,down,-0.02212738,-0.07280071,0.09182419
2022-10,-0.08104148,down,-0.06952555,-0.02212738,-0.07280071
2022-11,0.09361685,up,-0.08104148,-0.06952555,-0.02212738
2022-12,0.00481316,up,0.09361685,-0.08104148,-0.06952555
2023-01,0.07108437,up,0.00481316,0.09361685,-0.08104148
2023-02,-0.02124967,down,0.07108437,0.00481316,0.09361685
2023-03,-0.00456383,down,-0.02124967,0.07108437,0.00481316
2023-04,-0.00540594,down,-0.00456383,-0.02124967,0.07108437
2023-05,-0.05892376,down,-0.00540594,-0.00456383,-0.02124967
2023-06,0.0114934,up,-0.05892376,-0.00540594,-0.00456383
2023-07,0.043835,up,0.0114934,-0.05892376,-0.00540594
2023-08,-0.06412562,down,0.043835,0.0114934,-0.05892376
2023-09,-0.0203232,down,-0.06412562,0.043835,0.0114934
2023-10,-0.03222794,down,-0.0203232,-0.06412562,0.043835
2023-11,-0.02159177,down,-0.03222794,-0.0203232,-0.06412562
2023-12,-0.01879284,down,-0.02159177,-0.03222794,-0.0203232
2024-01,-0.06494761,down,-0.01879284,-0.02159177,-0.03222794
2024-02,0.08941052,up,-0.06494761,-0.01879284,-0.02159177
2024-03,0.00606788,up,0.08941052,-0.06494761,-0.01879284
2024-04,0.01873794,up,0.00606788,0.08941052,-0.06494761
2024-05,-0.00681209,down,0.01873794,0.00606788,0.08941052
2024-06,-0.03359221,down,-0.00681209,0.01873794,0.00606788
2024-07,-0.0056723,down,-0.03359221,-0.00681209,0.01873794
2024-08,-0.03568053,down,-0.0056723,-0.03359221,-0.00681209
2024-09,0.19035152,up,-0.03568053,-0.0056723,-0.03359221
2024-10,-0.03207046,down,0.19035152,-0.03568053,-0.0056723
2024-11,0.00654235,up,-0.03207046,0.19035152,-0.03568053
2024-12,0.00466919,up,0.00654235,-0.03207046,0.19035152
2025-01,-0.03040228,down,0.00466919,0.00654235,-0.03207046
2025-02,0.01893628,up,-0.03040228,0.00466919,0.00654235
2025-03,-0.00070461,down,0.01893628,-0.03040228,0.00466919
2025-04,-0.03049122,down,-0.00070461,0.01893628,-0.03040228
2025-05,0.01830608,up,-0.03049122,-0.00070461,0.01893628
2025-06,0.02465304,up,0.01830608,-0.03049122,-0.00070461
2025-07,0.03483022,up,0.02465304,0.01830608,-0.03049122
2025-08,0.09834162,up,0.03483022,0.02465304,0.01830608
2025-09,0.03150592,up,0.09834162,0.03483022,0.02465304
2025-10,-4.31e-06,down,0.03150592,0.09834162,0.03483022
2025-11,-0.02487439,down,-4.31e-06,0.03150592,0.09834162
2025-12,0.02255955,up,-0.02487439,-4.31e-06,0.03150592
