month,city,housing_type,housing_return
2011-01,Beijing,new,0.00995033
2011-01,Beijing,second_hand,0.00299551
2011-01,Shanghai,new,0.01093994
2011-01,Shanghai,second_hand,0.00498754
2011-01,Hangzhou,new,0.01685712
2011-01,Hangzhou,second_hand,0.00299551
2011-01,Guangzhou,new,0.01685712
2011-01,Guangzhou,second_hand,0.01192857
2011-01,Shenzhen,new,0.01980263
2011-01,Shenzhen,second_hand,0.00598207
2011-01,Chengdu,new,0.01390291
2011-01,Chengdu,second_hand,0.02176149
2011-02,Beijing,new,0.00498754
2011-02,Beijing,second_hand,0.00399202
2011-02,Shanghai,new,0.01093994
2011-02,Shanghai,second_hand,0.00399202
2011-02,Hangzhou,new,0.00895974
2011-02,Hangzhou,second_hand,0.001998
2011-02,Guangzhou,new,0.00598207
2011-02,Guangzhou,second_hand,0.00598207
2011-02,Shenzhen,new,0.00995033
2011-02,Shenzhen,second_hand,0.02566775
2011-02,Chengdu,new,0.00498754
2011-02,Chengdu,second_hand,0.00299551
2011-03,Beijing,new,0
2011-03,Beijing,second_hand,-0.0010005
2011-03,Shanghai,new,0.001998
2011-03,Shanghai,second_hand,0.00399202
2011-03,Hangzhou,new,-0.0010005
2011-03,Hangzhou,second_hand,0.0009995
2011-03,Guangzhou,new,0.00299551
2011-03,Guangzhou,second_hand,-0.00501254
2011-03,Shenzhen,new,0
2011-03,Shenzhen,second_hand,0.00598207
2011-03,Chengdu,new,0
2011-03,Chengdu,second_hand,-0.002002
2011-04,Beijing,new,0.0009995
2011-04,Beijing,second_hand,0.0009995
2011-04,Shanghai,new,0.00299551
2011-04,Shanghai,second_hand,0.00598207
2011-04,Hangzhou,new,0.0009995
2011-04,Hangzhou,second_hand,-0.00300451
2011-04,Guangzhou,new,0.00697561
2011-04,Guangzhou,second_hand,0.00995033
2011-04,Shenzhen,new,0.00697561
2011-04,Shenzhen,second_hand,0.00498754
2011-04,Chengdu,new,-0.0010005
2011-04,Chengdu,second_hand,0.00399202
2011-05,Beijing,new,0.001998
2011-05,Beijing,second_hand,-0.002002
2011-05,Shanghai,new,0.001998
2011-05,Shanghai,second_hand,0.001998
2011-05,Hangzhou,new,0
2011-05,Hangzhou,second_hand,-0.002002
2011-05,Guangzhou,new,0.00299551
2011-05,Guangzhou,second_hand,-0.002002
2011-05,Shenzhen,new,0.00399202
2011-05,Shenzhen,second_hand,0.00299551
2011-05,Chengdu,new,0.001998
2011-05,Chengdu,second_hand,-0.0010005
2011-06,Beijing,new,0.0009995
2011-06,Beijing,second_hand,-0.0010005
2011-06,Shanghai,new,0.0009995
2011-06,Shanghai,second_hand,0.001998
2011-06,Hangzhou,new,0
2011-06,Hangzhou,second_hand,0
2011-06,Guangzhou,new,0.001998
2011-06,Guangzhou,second_hand,0.0009995
2011-06,Shenzhen,new,0.0009995
2011-06,Shenzhen,second_hand,0
2011-06,Chengdu,new,-0.0010005
2011-06,Chengdu,second_hand,0.0009995
2011-07,Beijing,new,0
2011-07,Beijing,second_hand,0.0009995
2011-07,Shanghai,new,0
2011-07,Shanghai,second_hand,0.00299551
2011-07,Hangzhou,new,-0.0010005
2011-07,Hangzhou,second_hand,-0.0010005
2011-07,Guangzhou,new,0
2011-07,Guangzhou,second_hand,0.001998
2011-07,Shenzhen,new,0
2011-07,Shenzhen,second_hand,-0.00501254
2011-07,Chengdu,new,-0.00300451
2011-07,Chengdu,second_hand,-0.00601807
2011-08,Beijing,new,0
2011-08,Beijing,second_hand,0
2011-08,Shanghai,new,0
2011-08,Shanghai,second_hand,0.0009995
2011-08,Hangzhou,new,0
2011-08,Hangzhou,second_hand,-0.00400802
2011-08,Guangzhou,new,0
2011-08,Guangzhou,second_hand,0.00697561
2011-08,Shenzhen,new,0
2011-08,Shenzhen,second_hand,0
2011-08,Chengdu,new,0.0009995
2011-08,Chengdu,second_hand,0
2011-09,Beijing,new,0
2011-09,Beijing,second_hand,-0.00400802
2011-09,Shanghai,new,0
2011-09,Shanghai,second_hand,0.0009995
2011-09,Hangzhou,new,-0.0010005
2011-09,Hangzhou,second_hand,-0.00400802
2011-09,Guangzhou,new,0
2011-09,Guangzhou,second_hand,0.00598207
2011-09,Shenzhen,new,0
2011-09,Shenzhen,second_hand,-0.002002
2011-09,Chengdu,new,0
2011-09,Chengdu,second_hand,-0.002002
2011-10,Beijing,new,-0.0010005
2011-10,Beijing,second_hand,-0.00501254
2011-10,Shanghai,new,-0.00300451
2011-10,Shanghai,second_hand,-0.002002
2011-10,Hangzhou,new,-0.00400802
2011-10,Hangzhou,second_hand,-0.01511364
2011-10,Guangzhou,new,-0.002002
2011-10,Guangzhou,second_hand,-0.00501254
2011-10,Shenzhen,new,-0.0010005
2011-10,Shenzhen,second_hand,0
2011-10,Chengdu,new,0
2011-10,Chengdu,second_hand,-0.002002
2011-11,Beijing,new,-0.00400802
2011-11,Beijing,second_hand,-0.00702461
2011-11,Shanghai,new,-0.00400802
2011-11,Shanghai,second_hand,-0.00501254
2011-11,Hangzhou,new,-0.00300451
2011-11,Hangzhou,second_hand,-0.00904074
2011-11,Guangzhou,new,-0.00300451
2011-11,Guangzhou,second_hand,-0.00803217
2011-11,Shenzhen,new,-0.00300451
2011-11,Shenzhen,second_hand,-0.00803217
2011-11,Chengdu,new,-0.002002
2011-11,Chengdu,second_hand,-0.00702461
2011-12,Beijing,new,-0.002002
2011-12,Beijing,second_hand,-0.00803217
2011-12,Shanghai,new,-0.00400802
2011-12,Shanghai,second_hand,-0.00400802
2011-12,Hangzhou,new,-0.00702461
2011-12,Hangzhou,second_hand,-0.01409892
2011-12,Guangzhou,new,-0.00400802
2011-12,Guangzhou,second_hand,-0.00400802
2011-12,Shenzhen,new,-0.00501254
2011-12,Shenzhen,second_hand,-0.00400802
2011-12,Chengdu,new,-0.0010005
2011-12,Chengdu,second_hand,-0.00300451
2012-01,Beijing,new,-0.0010005
2012-01,Beijing,second_hand,-0.00904074
2012-01,Shanghai,new,-0.002002
2012-01,Shanghai,second_hand,-0.00702461
2012-01,Hangzhou,new,-0.0010005
2012-01,Hangzhou,second_hand,-0.01409892
2012-01,Guangzhou,new,-0.00300451
2012-01,Guangzhou,second_hand,-0.00400802
2012-01,Shenzhen,new,-0.002002
2012-01,Shenzhen,second_hand,-0.00803217
2012-01,Chengdu,new,-0.0010005
2012-01,Chengdu,second_hand,-0.00803217
2012-02,Beijing,new,-0.002002
2012-02,Beijing,second_hand,-0.002002
2012-02,Shanghai,new,-0.002002
2012-02,Shanghai,second_hand,-0.00300451
2012-02,Hangzhou,new,-0.00300451
2012-02,Hangzhou,second_hand,-0.00601807
2012-02,Guangzhou,new,-0.002002
2012-02,Guangzhou,second_hand,-0.00400802
2012-02,Shenzhen,new,-0.002002
2012-02,Shenzhen,second_hand,0
2012-02,Chengdu,new,0
2012-02,Chengdu,second_hand,-0.00501254
2012-03,Beijing,new,-0.00501254
2012-03,Beijing,second_hand,0.001998
2012-03,Shanghai,new,-0.00300451
2012-03,Shanghai,second_hand,-0.00501254
2012-03,Hangzhou,new,-0.04709161
2012-03,Hangzhou,second_hand,-0.00300451
2012-03,Guangzhou,new,-0.002002
2012-03,Guangzhou,second_hand,-0.002002
2012-03,Shenzhen,new,-0.00300451
2012-03,Shenzhen,second_hand,0.0009995
2012-03,Chengdu,new,-0.002002
2012-03,Chengdu,second_hand,-0.0010005
2012-04,Beijing,new,-0.002002
2012-04,Beijing,second_hand,0.00399202
2012-04,Shanghai,new,-0.002002
2012-04,Shanghai,second_hand,0.0009995
2012-04,Hangzhou,new,-0.03562718
2012-04,Hangzhou,second_hand,-0.00601807
2012-04,Guangzhou,new,-0.002002
2012-04,Guangzhou,second_hand,-0.00400802
2012-04,Shenzhen,new,-0.00400802
2012-04,Shenzhen,second_hand,0
2012-04,Chengdu,new,-0.0010005
2012-04,Chengdu,second_hand,-0.00702461
2012-05,Beijing,new,-0.0010005
2012-05,Beijing,second_hand,-0.0010005
2012-05,Shanghai,new,-0.002002
2012-05,Shanghai,second_hand,0.00299551
2012-05,Hangzhou,new,-0.00601807
2012-05,Hangzhou,second_hand,-0.0010005
2012-05,Guangzhou,new,-0.0010005
2012-05,Guangzhou,second_hand,-0.0010005
2012-05,Shenzhen,new,-0.00300451
2012-05,Shenzhen,second_hand,0
2012-05,Chengdu,new,-0.00300451
2012-05,Chengdu,second_hand,-0.0010005
2012-06,Beijing,new,0.00299551
2012-06,Beijing,second_hand,0.001998
2012-06,Shanghai,new,0.001998
2012-06,Shanghai,second_hand,0.001998
2012-06,Hangzhou,new,0.00598207
2012-06,Hangzhou,second_hand,0.0009995
2012-06,Guangzhou,new,0.001998
2012-06,Guangzhou,second_hand,0.00498754
2012-06,Shenzhen,new,-0.0010005
2012-06,Shenzhen,second_hand,0.001998
2012-06,Chengdu,new,0
2012-06,Chengdu,second_hand,0
2012-07,Beijing,new,0.00299551
2012-07,Beijing,second_hand,0.00299551
2012-07,Shanghai,new,0.0009995
2012-07,Shanghai,second_hand,0.001998
2012-07,Hangzhou,new,0.00299551
2012-07,Hangzhou,second_hand,0.00796817
2012-07,Guangzhou,new,0.001998
2012-07,Guangzhou,second_hand,0.00697561
2012-07,Shenzhen,new,0
2012-07,Shenzhen,second_hand,0.001998
2012-07,Chengdu,new,0.00299551
2012-07,Chengdu,second_hand,0.001998
2012-08,Beijing,new,0.001998
2012-08,Beijing,second_hand,0.00299551
2012-08,Shanghai,new,0
2012-08,Shanghai,second_hand,0.00299551
2012-08,Hangzhou,new,0.00399202
2012-08,Hangzhou,second_hand,0.00498754
2012-08,Guangzhou,new,0.00299551
2012-08,Guangzhou,second_hand,0.00895974
2012-08,Shenzhen,new,0.0009995
2012-08,Shenzhen,second_hand,0.0009995
2012-08,Chengdu,new,0
2012-08,Chengdu,second_hand,0
2012-09,Beijing,new,0.0009995
2012-09,Beijing,second_hand,0.0009995
2012-09,Shanghai,new,0
2012-09,Shanghai,second_hand,0.001998
2012-09,Hangzhou,new,0.00299551
2012-09,Hangzhou,second_hand,-0.00400802
2012-09,Guangzhou,new,0.00399202
2012-09,Guangzhou,second_hand,0.00598207
2012-09,Shenzhen,new,0.0009995
2012-09,Shenzhen,second_hand,0.0009995
2012-09,Chengdu,new,0.0009995
2012-09,Chengdu,second_hand,0.0009995
2012-10,Beijing,new,0.00299551
2012-10,Beijing,second_hand,0
2012-10,Shanghai,new,0
2012-10,Shanghai,second_hand,0.001998
2012-10,Hangzhou,new,-0.00300451
2012-10,Hangzhou,second_hand,0
2012-10,Guangzhou,new,0.00399202
2012-10,Guangzhou,second_hand,0.00399202
2012-10,Shenzhen,new,0.00399202
2012-10,Shenzhen,second_hand,0.00399202
2012-10,Chengdu,new,0
2012-10,Chengdu,second_hand,0.0009995
2012-11,Beijing,new,0.00796817
2012-11,Beijing,second_hand,0.00299551
2012-11,Shanghai,new,0.001998
2012-11,Shanghai,second_hand,0.001998
2012-11,Hangzhou,new,-0.0010005
2012-11,Hangzhou,second_hand,0.0009995
2012-11,Guangzhou,new,0.00598207
2012-11,Guangzhou,second_hand,0.00498754
2012-11,Shenzhen,new,0.00598207
2012-11,Shenzhen,second_hand,0.00299551
2012-11,Chengdu,new,0.00399202
2012-11,Chengdu,second_hand,0.001998
2012-12,Beijing,new,0.00995033
2012-12,Beijing,second_hand,0.00995033
2012-12,Shanghai,new,0.00697561
2012-12,Shanghai,second_hand,0.00399202
2012-12,Hangzhou,new,0.00299551
2012-12,Hangzhou,second_hand,0.001998
2012-12,Guangzhou,new,0.01192857
2012-12,Guangzhou,second_hand,0.00498754
2012-12,Shenzhen,new,0.01093994
2012-12,Shenzhen,second_hand,0.00598207
2012-12,Chengdu,new,0.00399202
2012-12,Chengdu,second_hand,0.00399202
2013-01,Beijing,new,0.02078254
2013-01,Beijing,second_hand,0.00995033
2013-01,Shanghai,new,0.01291623
2013-01,Shanghai,second_hand,0.00796817
2013-01,Hangzhou,new,0.00895974
2013-01,Hangzhou,second_hand,-0.00501254
2013-01,Guangzhou,new,0.01980263
2013-01,Guangzhou,second_hand,0.00399202
2013-01,Shenzhen,new,0.02176149
2013-01,Shenzhen,second_hand,0.00498754
2013-01,Chengdu,new,0.00995033
2013-01,Chengdu,second_hand,0.001998
2013-02,Beijing,new,0.03052921
2013-02,Beijing,second_hand,0.02176149
2013-02,Shanghai,new,0.02273949
2013-02,Shanghai,second_hand,0.01587335
2013-02,Hangzhou,new,0.00895974
2013-02,Hangzhou,second_hand,0.01390291
2013-02,Guangzhou,new,0.03052921
2013-02,Guangzhou,second_hand,0.01685712
2013-02,Shenzhen,new,0.02176149
2013-02,Shenzhen,second_hand,0.01390291
2013-02,Chengdu,new,0.00796817
2013-02,Chengdu,second_hand,0.00399202
2013-03,Beijing,new,0.02664193
2013-03,Beijing,second_hand,0.03052921
2013-03,Shanghai,new,0.03149867
2013-03,Shanghai,second_hand,0.02566775
2013-03,Hangzhou,new,0.01192857
2013-03,Hangzhou,second_hand,0.001998
2013-03,Guangzhou,new,0.02469261
2013-03,Guangzhou,second_hand,0.01488861
2013-03,Shenzhen,new,0.02761517
2013-03,Shenzhen,second_hand,0.02273949
2013-03,Chengdu,new,0.00895974
2013-03,Chengdu,second_hand,0.00796817
2013-04,Beijing,new,0.01783992
2013-04,Beijing,second_hand,0.01980263
2013-04,Shanghai,new,0.01980263
2013-04,Shanghai,second_hand,0.01291623
2013-04,Hangzhou,new,0.01390291
2013-04,Hangzhou,second_hand,0.001998
2013-04,Guangzhou,new,0.02078254
2013-04,Guangzhou,second_hand,0.00697561
2013-04,Shenzhen,new,0.01783992
2013-04,Shenzhen,second_hand,0.01093994
2013-04,Chengdu,new,0.01783992
2013-04,Chengdu,second_hand,0.00598207
2013-05,Beijing,new,0.01587335
2013-05,Beijing,second_hand,0.01685712
2013-05,Shanghai,new,0.01685712
2013-05,Shanghai,second_hand,0.00895974
2013-05,Hangzhou,new,0.00796817
2013-05,Hangzhou,second_hand,0.0009995
2013-05,Guangzhou,new,0.01488861
2013-05,Guangzhou,second_hand,0.01093994
2013-05,Shenzhen,new,0.01882175
2013-05,Shenzhen,second_hand,0.00995033
2013-05,Chengdu,new,0.00995033
2013-05,Chengdu,second_hand,0.00299551
2013-06,Beijing,new,0.01685712
2013-06,Beijing,second_hand,0.01291623
2013-06,Shanghai,new,0.02176149
2013-06,Shanghai,second_hand,0.01093994
2013-06,Hangzhou,new,0.00995033
2013-06,Hangzhou,second_hand,0.00299551
2013-06,Guangzhou,new,0.00995033
2013-06,Guangzhou,second_hand,0.00895974
2013-06,Shenzhen,new,0.01685712
2013-06,Shenzhen,second_hand,0.01291623
2013-06,Chengdu,new,0.00895974
2013-06,Chengdu,second_hand,0.00598207
2013-07,Beijing,new,0.01587335
2013-07,Beijing,second_hand,0.01390291
2013-07,Shanghai,new,0.01882175
2013-07,Shanghai,second_hand,0.00796817
2013-07,Hangzhou,new,0.00796817
2013-07,Hangzhou,second_hand,-0.0010005
2013-07,Guangzhou,new,0.01093994
2013-07,Guangzhou,second_hand,0.00995033
2013-07,Shenzhen,new,0.00895974
2013-07,Shenzhen,second_hand,0.00995033
2013-07,Chengdu,new,0.00299551
2013-07,Chengdu,second_hand,0.00299551
2013-08,Beijing,new,0.01093994
2013-08,Beijing,second_hand,0.01192857
2013-08,Shanghai,new,0.01685712
2013-08,Shanghai,second_hand,0.00796817
2013-08,Hangzhou,new,0.01093994
2013-08,Hangzhou,second_hand,0.001998
2013-08,Guangzhou,new,0.01685712
2013-08,Guangzhou,second_hand,0.00995033
2013-08,Shenzhen,new,0.01390291
2013-08,Shenzhen,second_hand,0.01587335
2013-08,Chengdu,new,0.00796817
2013-08,Chengdu,second_hand,0.00399202
2013-09,Beijing,new,0.01192857
2013-09,Beijing,second_hand,0.01291623
2013-09,Shanghai,new,0.01587335
2013-09,Shanghai,second_hand,0.00995033
2013-09,Hangzhou,new,0.01291623
2013-09,Hangzhou,second_hand,0.00598207
2013-09,Guangzhou,new,0.01390291
2013-09,Guangzhou,second_hand,0.00399202
2013-09,Shenzhen,new,0.01390291
2013-09,Shenzhen,second_hand,0.01291623
2013-09,Chengdu,new,0.00598207
2013-09,Chengdu,second_hand,0.00399202
2013-10,Beijing,new,0.00796817
2013-10,Beijing,second_hand,0.01093994
2013-10,Shanghai,new,0.00796817
2013-10,Shanghai,second_hand,0.00895974
2013-10,Hangzhou,new,0.00796817
2013-10,Hangzhou,second_hand,0
2013-10,Guangzhou,new,0.00895974
2013-10,Guangzhou,second_hand,0.00995033
2013-10,Shenzhen,new,0.00895974
2013-10,Shenzhen,second_hand,0.00895974
2013-10,Chengdu,new,0.00399202
2013-10,Chengdu,second_hand,0.00598207
2013-11,Beijing,new,0.00697561
2013-11,Beijing,second_hand,0.01192857
2013-11,Shanghai,new,0.00697561
2013-11,Shanghai,second_hand,0.00697561
2013-11,Hangzhou,new,0.00598207
2013-11,Hangzhou,second_hand,0.00299551
2013-11,Guangzhou,new,0.00796817
2013-11,Guangzhou,second_hand,0.01192857
2013-11,Shenzhen,new,0.00895974
2013-11,Shenzhen,second_hand,0.00796817
2013-11,Chengdu,new,0.00598207
2013-11,Chengdu,second_hand,0.00399202
2013-12,Beijing,new,0.00598207
2013-12,Beijing,second_hand,0.00598207
2013-12,Shanghai,new,0.00598207
2013-12,Shanghai,second_hand,0.00498754
2013-12,Hangzhou,new,0.0009995
2013-12,Hangzhou,second_hand,0.001998
2013-12,Guangzhou,new,0.00697561
2013-12,Guangzhou,second_hand,0.00598207
2013-12,Shenzhen,new,0.00498754
2013-12,Shenzhen,second_hand,0.00697561
2013-12,Chengdu,new,0.001998
2013-12,Chengdu,second_hand,0.00399202
2014-01,Beijing,new,0.00498754
2014-01,Beijing,second_hand,-0.0010005
2014-01,Shanghai,new,0.00498754
2014-01,Shanghai,second_hand,0.0009995
2014-01,Hangzhou,new,-0.0010005
2014-01,Hangzhou,second_hand,0
2014-01,Guangzhou,new,0.00697561
2014-01,Guangzhou,second_hand,0.00995033
2014-01,Shenzhen,new,0.00399202
2014-01,Shenzhen,second_hand,0.00796817
2014-01,Chengdu,new,0.00598207
2014-01,Chengdu,second_hand,0.00299551
2014-02,Beijing,new,0.00299551
2014-02,Beijing,second_hand,0
2014-02,Shanghai,new,0.00399202
2014-02,Shanghai,second_hand,0.00598207
2014-02,Hangzhou,new,0
2014-02,Hangzhou,second_hand,-0.00400802
2014-02,Guangzhou,new,0.00498754
2014-02,Guangzhou,second_hand,0.00299551
2014-02,Shenzhen,new,0.00299551
2014-02,Shenzhen,second_hand,0.00796817
2014-02,Chengdu,new,0.00498754
2014-02,Chengdu,second_hand,0.0009995
2014-03,Beijing,new,0.00498754
2014-03,Beijing,second_hand,0.001998
2014-03,Shanghai,new,0.00399202
2014-03,Shanghai,second_hand,0.001998
2014-03,Hangzhou,new,0
2014-03,Hangzhou,second_hand,-0.002002
2014-03,Guangzhou,new,0.00399202
2014-03,Guangzhou,second_hand,0.001998
2014-03,Shenzhen,new,0.001998
2014-03,Shenzhen,second_hand,0.01093994
2014-03,Chengdu,new,0.00299551
2014-03,Chengdu,second_hand,0.00299551
2014-04,Beijing,new,0.001998
2014-04,Beijing,second_hand,-0.002002
2014-04,Shanghai,new,0.00299551
2014-04,Shanghai,second_hand,0
2014-04,Hangzhou,new,-0.00702461
2014-04,Hangzhou,second_hand,-0.00803217
2014-04,Guangzhou,new,0.0009995
2014-04,Guangzhou,second_hand,0.00697561
2014-04,Shenzhen,new,0.001998
2014-04,Shenzhen,second_hand,0.0009995
2014-04,Chengdu,new,0.0009995
2014-04,Chengdu,second_hand,-0.002002
2014-05,Beijing,new,0.001998
2014-05,Beijing,second_hand,-0.00904074
2014-05,Shanghai,new,-0.00300451
2014-05,Shanghai,second_hand,-0.002002
2014-05,Hangzhou,new,-0.01409892
2014-05,Hangzhou,second_hand,-0.00400802
2014-05,Guangzhou,new,0
2014-05,Guangzhou,second_hand,0.0009995
2014-05,Shenzhen,new,-0.002002
2014-05,Shenzhen,second_hand,0.001998
2014-05,Chengdu,new,-0.00300451
2014-05,Chengdu,second_hand,0
2014-06,Beijing,new,0.0009995
2014-06,Beijing,second_hand,-0.01308524
2014-06,Shanghai,new,-0.00702461
2014-06,Shanghai,second_hand,-0.00702461
2014-06,Hangzhou,new,-0.01816397
2014-06,Hangzhou,second_hand,-0.00904074
2014-06,Guangzhou,new,-0.00601807
2014-06,Guangzhou,second_hand,-0.00300451
2014-06,Shenzhen,new,-0.00400802
2014-06,Shenzhen,second_hand,-0.00601807
2014-06,Chengdu,new,-0.00601807
2014-06,Chengdu,second_hand,-0.00501254
2014-07,Beijing,new,-0.01308524
2014-07,Beijing,second_hand,-0.00803217
2014-07,Shanghai,new,-0.01409892
2014-07,Shanghai,second_hand,-0.00904074
2014-07,Hangzhou,new,-0.02531781
2014-07,Hangzhou,second_hand,-0.01106095
2014-07,Guangzhou,new,-0.01308524
2014-07,Guangzhou,second_hand,-0.01106095
2014-07,Shenzhen,new,-0.00601807
2014-07,Shenzhen,second_hand,-0.00601807
2014-07,Chengdu,new,-0.01106095
2014-07,Chengdu,second_hand,-0.01207258
2014-08,Beijing,new,-0.01207258
2014-08,Beijing,second_hand,-0.00904074
2014-08,Shanghai,new,-0.01308524
2014-08,Shanghai,second_hand,-0.00702461
2014-08,Hangzhou,new,-0.02122364
2014-08,Hangzhou,second_hand,-0.00601807
2014-08,Guangzhou,new,-0.01308524
2014-08,Guangzhou,second_hand,-0.01409892
2014-08,Shenzhen,new,-0.01106095
2014-08,Shenzhen,second_hand,-0.00501254
2014-08,Chengdu,new,-0.01207258
2014-08,Chengdu,second_hand,-0.00904074
2014-09,Beijing,new,-0.00904074
2014-09,Beijing,second_hand,-0.01409892
2014-09,Shanghai,new,-0.01106095
2014-09,Shanghai,second_hand,-0.00803217
2014-09,Hangzhou,new,-0.01207258
2014-09,Hangzhou,second_hand,-0.00702461
2014-09,Guangzhou,new,-0.01409892
2014-09,Guangzhou,second_hand,-0.01308524
2014-09,Shenzhen,new,-0.00904074
2014-09,Shenzhen,second_hand,-0.00702461
2014-09,Chengdu,new,-0.01106095
2014-09,Chengdu,second_hand,-0.01106095
2014-10,Beijing,new,-0.01308524
2014-10,Beijing,second_hand,0.00299551
2014-10,Shanghai,new,-0.00702461
2014-10,Shanghai,second_hand,0
2014-10,Hangzhou,new,-0.00501254
2014-10,Hangzhou,second_hand,0.00299551
2014-10,Guangzhou,new,-0.01207258
2014-10,Guangzhou,second_hand,0
2014-10,Shenzhen,new,-0.00400802
2014-10,Shenzhen,second_hand,0
2014-10,Chengdu,new,-0.01207258
2014-10,Chengdu,second_hand,-0.00702461
2014-11,Beijing,new,-0.00300451
2014-11,Beijing,second_hand,0.00697561
2014-11,Shanghai,new,-0.00501254
2014-11,Shanghai,second_hand,0
2014-11,Hangzhou,new,-0.00400802
2014-11,Hangzhou,second_hand,-0.002002
2014-11,Guangzhou,new,-0.00400802
2014-11,Guangzhou,second_hand,0
2014-11,Shenzhen,new,0
2014-11,Shenzhen,second_hand,0.00399202
2014-11,Chengdu,new,-0.00601807
2014-11,Chengdu,second_hand,-0.0010005
2014-12,Beijing,new,-0.002002
2014-12,Beijing,second_hand,0.001998
2014-12,Shanghai,new,-0.00300451
2014-12,Shanghai,second_hand,0.00399202
2014-12,Hangzhou,new,-0.00300451
2014-12,Hangzhou,second_hand,-0.00300451
2014-12,Guangzhou,new,-0.002002
2014-12,Guangzhou,second_hand,0.001998
2014-12,Shenzhen,new,0.01192857
2014-12,Shenzhen,second_hand,0.00697561
2014-12,Chengdu,new,-0.002002
2014-12,Chengdu,second_hand,-0.002002
2015-01,Beijing,new,-0.0010005
2015-01,Beijing,second_hand,0
2015-01,Shanghai,new,0
2015-01,Shanghai,second_hand,0.00299551
2015-01,Hangzhou,new,-0.00300451
2015-01,Hangzhou,second_hand,-0.00300451
2015-01,Guangzhou,new,0
2015-01,Guangzhou,second_hand,-0.002002
2015-01,Shenzhen,new,0.00299551
2015-01,Shenzhen,second_hand,0.00598207
2015-01,Chengdu,new,-0.00300451
2015-01,Chengdu,second_hand,-0.00501254
2015-02,Beijing,new,-0.00300451
2015-02,Beijing,second_hand,-0.0010005
2015-02,Shanghai,new,-0.0010005
2015-02,Shanghai,second_hand,0.0009995
2015-02,Hangzhou,new,-0.00400802
2015-02,Hangzhou,second_hand,-0.002002
2015-02,Guangzhou,new,-0.002002
2015-02,Guangzhou,second_hand,-0.00300451
2015-02,Shenzhen,new,0.001998
2015-02,Shenzhen,second_hand,0.00299551
2015-02,Chengdu,new,-0.00400802
2015-02,Chengdu,second_hand,-0.00400802
2015-03,Beijing,new,0.00299551
2015-03,Beijing,second_hand,0.00498754
2015-03,Shanghai,new,0
2015-03,Shanghai,second_hand,0
2015-03,Hangzhou,new,-0.00501254
2015-03,Hangzhou,second_hand,-0.0010005
2015-03,Guangzhou,new,-0.0010005
2015-03,Guangzhou,second_hand,0
2015-03,Shenzhen,new,0.00697561
2015-03,Shenzhen,second_hand,0.00498754
2015-03,Chengdu,new,-0.00601807
2015-03,Chengdu,second_hand,-0.0010005
2015-04,Beijing,new,0.00796817
2015-04,Beijing,second_hand,0.02078254
2015-04,Shanghai,new,0.00697561
2015-04,Shanghai,second_hand,0.00598207
2015-04,Hangzhou,new,0.00399202
2015-04,Hangzhou,second_hand,0.001998
2015-04,Guangzhou,new,0.00399202
2015-04,Guangzhou,second_hand,0.01093994
2015-04,Shenzhen,new,0.01783992
2015-04,Shenzhen,second_hand,0.02371653
2015-04,Chengdu,new,-0.0010005
2015-04,Chengdu,second_hand,-0.002002
2015-05,Beijing,new,0.01390291
2015-05,Beijing,second_hand,0.04210118
2015-05,Shanghai,new,0.02566775
2015-05,Shanghai,second_hand,0.02176149
2015-05,Hangzhou,new,0.00598207
2015-05,Hangzhou,second_hand,0.00299551
2015-05,Guangzhou,new,0.01390291
2015-05,Guangzhou,second_hand,0.02273949
2015-05,Shenzhen,new,0.06485097
2015-05,Shenzhen,second_hand,0.0610951
2015-05,Chengdu,new,0.0009995
2015-05,Chengdu,second_hand,-0.00501254
2015-06,Beijing,new,0.01587335
2015-06,Beijing,second_hand,0.02273949
2015-06,Shanghai,new,0.02371653
2015-06,Shanghai,second_hand,0.01192857
2015-06,Hangzhou,new,0.01291623
2015-06,Hangzhou,second_hand,0.00697561
2015-06,Guangzhou,new,0.01587335
2015-06,Guangzhou,second_hand,0.01783992
2015-06,Shenzhen,new,0.06952606
2015-06,Shenzhen,second_hand,0.06672363
2015-06,Chengdu,new,0.001998
2015-06,Chengdu,second_hand,0.00399202
2015-07,Beijing,new,0.01390291
2015-07,Beijing,second_hand,0.02566775
2015-07,Shanghai,new,0.01882175
2015-07,Shanghai,second_hand,0.01587335
2015-07,Hangzhou,new,0.00895974
2015-07,Hangzhou,second_hand,0.00598207
2015-07,Guangzhou,new,0.01192857
2015-07,Guangzhou,second_hand,0.01291623
2015-07,Shenzhen,new,0.0610951
2015-07,Shenzhen,second_hand,0.05164323
2015-07,Chengdu,new,0.00498754
2015-07,Chengdu,second_hand,0.00299551
2015-08,Beijing,new,0.01291623
2015-08,Beijing,second_hand,0.01980263
2015-08,Shanghai,new,0.01587335
2015-08,Shanghai,second_hand,0.01093994
2015-08,Hangzhou,new,0.00697561
2015-08,Hangzhou,second_hand,0.00498754
2015-08,Guangzhou,new,0.00895974
2015-08,Guangzhou,second_hand,0.00995033
2015-08,Shenzhen,new,0.05069311
2015-08,Shenzhen,second_hand,0.04305949
2015-08,Chengdu,new,0.00299551
2015-08,Chengdu,second_hand,0.001998
2015-09,Beijing,new,0.01093994
2015-09,Beijing,second_hand,0.01390291
2015-09,Shanghai,new,0.01882175
2015-09,Shanghai,second_hand,0.00995033
2015-09,Hangzhou,new,0.00598207
2015-09,Hangzhou,second_hand,0.00399202
2015-09,Guangzhou,new,0.01390291
2015-09,Guangzhou,second_hand,0.01192857
2015-09,Shenzhen,new,0.03922071
2015-09,Shenzhen,second_hand,0.03246719
2015-09,Chengdu,new,0.0009995
2015-09,Chengdu,second_hand,0.001998
2015-10,Beijing,new,0.00796817
2015-10,Beijing,second_hand,0.01093994
2015-10,Shanghai,new,0.02078254
2015-10,Shanghai,second_hand,0.00796817
2015-10,Hangzhou,new,0.00598207
2015-10,Hangzhou,second_hand,0.001998
2015-10,Guangzhou,new,0.00796817
2015-10,Guangzhou,second_hand,0.01093994
2015-10,Shenzhen,new,0.01192857
2015-10,Shenzhen,second_hand,0.00995033
2015-10,Chengdu,new,0.0009995
2015-10,Chengdu,second_hand,-0.0010005
2015-11,Beijing,new,0.00995033
2015-11,Beijing,second_hand,0.01390291
2015-11,Shanghai,new,0.01882175
2015-11,Shanghai,second_hand,0.00995033
2015-11,Hangzhou,new,0.00697561
2015-11,Hangzhou,second_hand,0.00697561
2015-11,Guangzhou,new,0.00598207
2015-11,Guangzhou,second_hand,0.00697561
2015-11,Shenzhen,new,0.02858746
2015-11,Shenzhen,second_hand,0.01882175
2015-11,Chengdu,new,0.00498754
2015-11,Chengdu,second_hand,0.00299551
2015-12,Beijing,new,0.00498754
2015-12,Beijing,second_hand,0.01685712
2015-12,Shanghai,new,0.02078254
2015-12,Shanghai,second_hand,0.01192857
2015-12,Hangzhou,new,0.01192857
2015-12,Hangzhou,second_hand,0.00995033
2015-12,Guangzhou,new,0.00697561
2015-12,Guangzhou,second_hand,0.00995033
2015-12,Shenzhen,new,0.03149867
2015-12,Shenzhen,second_hand,0.03246719
2015-12,Chengdu,new,0.001998
2015-12,Chengdu,second_hand,-0.00300451
2016-01,Beijing,new,0.01093994
2016-01,Beijing,second_hand,0.02273949
2016-01,Shanghai,new,0.02566775
2016-01,Shanghai,second_hand,0.02664193
2016-01,Hangzhou,new,0.00895974
2016-01,Hangzhou,second_hand,0.00498754
2016-01,Guangzhou,new,0.00796817
2016-01,Guangzhou,second_hand,0.01291623
2016-01,Shenzhen,new,0.04018179
2016-01,Shenzhen,second_hand,0.05543471
2016-01,Chengdu,new,0.001998
2016-01,Chengdu,second_hand,0.00598207
2016-02,Beijing,new,0.02273949
2016-02,Beijing,second_hand,0.03149867
2016-02,Shanghai,new,0.02858746
2016-02,Shanghai,second_hand,0.05164323
2016-02,Hangzhou,new,0.01291623
2016-02,Hangzhou,second_hand,0.01093994
2016-02,Guangzhou,new,0.01587335
2016-02,Guangzhou,second_hand,0.01192857
2016-02,Shenzhen,new,0.03536714
2016-02,Shenzhen,second_hand,0.03246719
2016-02,Chengdu,new,0
2016-02,Chengdu,second_hand,0.00697561
2016-03,Beijing,new,0.03246719
2016-03,Beijing,second_hand,0.0610951
2016-03,Shanghai,new,0.04210118
2016-03,Shanghai,second_hand,0.06015392
2016-03,Hangzhou,new,0.02273949
2016-03,Hangzhou,second_hand,0.01980263
2016-03,Guangzhou,new,0.02858746
2016-03,Guangzhou,second_hand,0.03440143
2016-03,Shenzhen,new,0.03633193
2016-03,Shenzhen,second_hand,0.04592893
2016-03,Chengdu,new,0.001998
2016-03,Chengdu,second_hand,0.00299551
2016-04,Beijing,new,0.0295588
2016-04,Beijing,second_hand,0.0295588
2016-04,Shanghai,new,0.03536714
2016-04,Shanghai,second_hand,0.03536714
2016-04,Hangzhou,new,0.0295588
2016-04,Hangzhou,second_hand,0.0295588
2016-04,Guangzhou,new,0.02371653
2016-04,Guangzhou,second_hand,0.02371653
2016-04,Shenzhen,new,0.02273949
2016-04,Shenzhen,second_hand,0.02273949
2016-04,Chengdu,new,0.00598207
2016-04,Chengdu,second_hand,0.00598207
2016-05,Beijing,new,0.02371653
2016-05,Beijing,second_hand,0.02273949
2016-05,Shanghai,new,0.02273949
2016-05,Shanghai,second_hand,0.01390291
2016-05,Hangzhou,new,0.02469261
2016-05,Hangzhou,second_hand,0.01291623
2016-05,Guangzhou,new,0.02664193
2016-05,Guangzhou,second_hand,0.01882175
2016-05,Shenzhen,new,0.00498754
2016-05,Shenzhen,second_hand,0
2016-05,Chengdu,new,0.00299551
2016-05,Chengdu,second_hand,0.00299551
2016-06,Beijing,new,0.02273949
2016-06,Beijing,second_hand,0.01390291
2016-06,Shanghai,new,0.02371653
2016-06,Shanghai,second_hand,0.02176149
2016-06,Hangzhou,new,0.01587335
2016-06,Hangzhou,second_hand,0.01192857
2016-06,Guangzhou,new,0.01783992
2016-06,Guangzhou,second_hand,0.01587335
2016-06,Shenzhen,new,0.02566775
2016-06,Shenzhen,second_hand,0.00796817
2016-06,Chengdu,new,0.00598207
2016-06,Chengdu,second_hand,0.00399202
2016-07,Beijing,new,0.01685712
2016-07,Beijing,second_hand,0.01587335
2016-07,Shanghai,new,0.01390291
2016-07,Shanghai,second_hand,0.01980263
2016-07,Hangzhou,new,0.02371653
2016-07,Hangzhou,second_hand,0.02273949
2016-07,Guangzhou,new,0.01291623
2016-07,Guangzhou,second_hand,0.01390291
2016-07,Shenzhen,new,0.01980263
2016-07,Shenzhen,second_hand,0.01783992
2016-07,Chengdu,new,0.00995033
2016-07,Chengdu,second_hand,0.00299551
2016-08,Beijing,new,0.03729578
2016-08,Beijing,second_hand,0.03825871
2016-08,Shanghai,new,0.05069311
2016-08,Shanghai,second_hand,0.03633193
2016-08,Hangzhou,new,0.03246719
2016-08,Hangzhou,second_hand,0.02761517
2016-08,Guangzhou,new,0.02371653
2016-08,Guangzhou,second_hand,0.02761517
2016-08,Shenzhen,new,0.02078254
2016-08,Shenzhen,second_hand,0.01980263
2016-08,Chengdu,new,0.00895974
2016-08,Chengdu,second_hand,0.00299551
2016-09,Beijing,new,0.04783733
2016-09,Beijing,second_hand,0.05543471
2016-09,Shanghai,new,0.03149867
2016-09,Shanghai,second_hand,0.03343478
2016-09,Hangzhou,new,0.05354077
2016-09,Hangzhou,second_hand,0.04401689
2016-09,Guangzhou,new,0.03052921
2016-09,Guangzhou,second_hand,0.03246719
2016-09,Shenzhen,new,0.01882175
2016-09,Shenzhen,second_hand,0.01783992
2016-09,Chengdu,new,0.02469261
2016-09,Chengdu,second_hand,0.01685712
2016-10,Beijing,new,0.00598207
2016-10,Beijing,second_hand,0.01093994
2016-10,Shanghai,new,0.00498754
2016-10,Shanghai,second_hand,0.00299551
2016-10,Hangzhou,new,0.03149867
2016-10,Hangzhou,second_hand,0.02469261
2016-10,Guangzhou,new,0.01291623
2016-10,Guangzhou,second_hand,0.01587335
2016-10,Shenzhen,new,-0.00501254
2016-10,Shenzhen,second_hand,-0.00601807
2016-10,Chengdu,new,-0.00803217
2016-10,Chengdu,second_hand,0.00498754
2016-11,Beijing,new,0
2016-11,Beijing,second_hand,0.001998
2016-11,Shanghai,new,-0.0010005
2016-11,Shanghai,second_hand,-0.002002
2016-11,Hangzhou,new,-0.00400802
2016-11,Hangzhou,second_hand,0
2016-11,Guangzhou,new,0.00895974
2016-11,Guangzhou,second_hand,0.00796817
2016-11,Shenzhen,new,-0.00300451
2016-11,Shenzhen,second_hand,-0.00702461
2016-11,Chengdu,new,0
2016-11,Chengdu,second_hand,0
2016-12,Beijing,new,-0.0010005
2016-12,Beijing,second_hand,0.001998
2016-12,Shanghai,new,-0.002002
2016-12,Shanghai,second_hand,-0.00501254
2016-12,Hangzhou,new,0
2016-12,Hangzhou,second_hand,-0.0010005
2016-12,Guangzhou,new,0.00697561
2016-12,Guangzhou,second_hand,0.01291623
2016-12,Shenzhen,new,-0.00400802
2016-12,Shenzhen,second_hand,-0.002002
2016-12,Chengdu,new,-0.002002
2016-12,Chengdu,second_hand,0.001998
2017-01,Beijing,new,0
2017-01,Beijing,second_hand,0.00796817
2017-01,Shanghai,new,-0.0010005
2017-01,Shanghai,second_hand,-0.00400802
2017-01,Hangzhou,new,0
2017-01,Hangzhou,second_hand,0.00498754
2017-01,Guangzhou,new,0.00598207
2017-01,Guangzhou,second_hand,0.01587335
2017-01,Shenzhen,new,-0.00501254
2017-01,Shenzhen,second_hand,-0.0010005
2017-01,Chengdu,new,0
2017-01,Chengdu,second_hand,0.00598207
2017-02,Beijing,new,-0.0010005
2017-02,Beijing,second_hand,0.01291623
2017-02,Shanghai,new,0.001998
2017-02,Shanghai,second_hand,0.001998
2017-02,Hangzhou,new,-0.002002
2017-02,Hangzhou,second_hand,0.00598207
2017-02,Guangzhou,new,0.00895974
2017-02,Guangzhou,second_hand,0.02664193
2017-02,Shenzhen,new,-0.00601807
2017-02,Shenzhen,second_hand,-0.00702461
2017-02,Chengdu,new,-0.00400802
2017-02,Chengdu,second_hand,0.00697561
2017-03,Beijing,new,0.00399202
2017-03,Beijing,second_hand,0.02176149
2017-03,Shanghai,new,-0.0010005
2017-03,Shanghai,second_hand,0.00697561
2017-03,Hangzhou,new,0.001998
2017-03,Hangzhou,second_hand,0.00895974
2017-03,Guangzhou,new,0.02469261
2017-03,Guangzhou,second_hand,0.03246719
2017-03,Shenzhen,new,-0.00300451
2017-03,Shenzhen,second_hand,0.00299551
2017-03,Chengdu,new,-0.00702461
2017-03,Chengdu,second_hand,0.00895974
2017-04,Beijing,new,0.001998
2017-04,Beijing,second_hand,0
2017-04,Shanghai,new,-0.002002
2017-04,Shanghai,second_hand,0.00796817
2017-04,Hangzhou,new,0
2017-04,Hangzhou,second_hand,0.00697561
2017-04,Guangzhou,new,0.01390291
2017-04,Guangzhou,second_hand,0.00995033
2017-04,Shenzhen,new,0
2017-04,Shenzhen,second_hand,0.00796817
2017-04,Chengdu,new,0
2017-04,Chengdu,second_hand,0.00498754
2017-05,Beijing,new,0
2017-05,Beijing,second_hand,-0.00904074
2017-05,Shanghai,new,0
2017-05,Shanghai,second_hand,0
2017-05,Hangzhou,new,-0.00300451
2017-05,Hangzhou,second_hand,0.00796817
2017-05,Guangzhou,new,0.00895974
2017-05,Guangzhou,second_hand,0.00498754
2017-05,Shenzhen,new,-0.00601807
2017-05,Shenzhen,second_hand,0.00299551
2017-05,Chengdu,new,-0.0010005
2017-05,Chengdu,second_hand,0.0009995
2017-06,Beijing,new,-0.00400802
2017-06,Beijing,second_hand,-0.01106095
2017-06,Shanghai,new,-0.002002
2017-06,Shanghai,second_hand,-0.0010005
2017-06,Hangzhou,new,0.001998
2017-06,Hangzhou,second_hand,0.00697561
2017-06,Guangzhou,new,0.00498754
2017-06,Guangzhou,second_hand,0.00796817
2017-06,Shenzhen,new,0
2017-06,Shenzhen,second_hand,-0.00300451
2017-06,Chengdu,new,-0.002002
2017-06,Chengdu,second_hand,0
2017-07,Beijing,new,-0.0010005
2017-07,Beijing,second_hand,-0.00803217
2017-07,Shanghai,new,0
2017-07,Shanghai,second_hand,-0.00400802
2017-07,Hangzhou,new,0
2017-07,Hangzhou,second_hand,0.00796817
2017-07,Guangzhou,new,0.00399202
2017-07,Guangzhou,second_hand,0.0009995
2017-07,Shenzhen,new,-0.002002
2017-07,Shenzhen,second_hand,0.00598207
2017-07,Chengdu,new,-0.0010005
2017-07,Chengdu,second_hand,0.00399202
2017-08,Beijing,new,0
2017-08,Beijing,second_hand,-0.00904074
2017-08,Shanghai,new,0
2017-08,Shanghai,second_hand,-0.002002
2017-08,Hangzhou,new,-0.002002
2017-08,Hangzhou,second_hand,0.00697561
2017-08,Guangzhou,new,-0.00702461
2017-08,Guangzhou,second_hand,0
2017-08,Shenzhen,new,-0.00400802
2017-08,Shenzhen,second_hand,-0.002002
2017-08,Chengdu,new,-0.00400802
2017-08,Chengdu,second_hand,0.001998
2017-09,Beijing,new,-0.002002
2017-09,Beijing,second_hand,-0.00601807
2017-09,Shanghai,new,-0.0010005
2017-09,Shanghai,second_hand,-0.0010005
2017-09,Hangzhou,new,-0.00300451
2017-09,Hangzhou,second_hand,0.00598207
2017-09,Guangzhou,new,-0.00501254
2017-09,Guangzhou,second_hand,0.001998
2017-09,Shenzhen,new,0
2017-09,Shenzhen,second_hand,-0.0010005
2017-09,Chengdu,new,0
2017-09,Chengdu,second_hand,0.00399202
2017-10,Beijing,new,-0.002002
2017-10,Beijing,second_hand,-0.00501254
2017-10,Shanghai,new,0.00299551
2017-10,Shanghai,second_hand,0.00299551
2017-10,Hangzhou,new,0
2017-10,Hangzhou,second_hand,0.00399202
2017-10,Guangzhou,new,-0.002002
2017-10,Guangzhou,second_hand,-0.00300451
2017-10,Shenzhen,new,-0.0010005
2017-10,Shenzhen,second_hand,0.00399202
2017-10,Chengdu,new,0.00697561
2017-10,Chengdu,second_hand,0.00598207
2017-11,Beijing,new,0
2017-11,Beijing,second_hand,-0.00501254
2017-11,Shanghai,new,0
2017-11,Shanghai,second_hand,-0.00300451
2017-11,Hangzhou,new,-0.0010005
2017-11,Hangzhou,second_hand,0.001998
2017-11,Guangzhou,new,-0.0010005
2017-11,Guangzhou,second_hand,0.0009995
2017-11,Shenzhen,new,-0.002002
2017-11,Shenzhen,second_hand,0.0009995
2017-11,Chengdu,new,0.0009995
2017-11,Chengdu,second_hand,0
2017-12,Beijing,new,0
2017-12,Beijing,second_hand,-0.00400802
2017-12,Shanghai,new,0.00299551
2017-12,Shanghai,second_hand,-0.0010005
2017-12,Hangzhou,new,0
2017-12,Hangzhou,second_hand,0
2017-12,Guangzhou,new,-0.00300451
2017-12,Guangzhou,second_hand,-0.00400802
2017-12,Shenzhen,new,-0.002002
2017-12,Shenzhen,second_hand,0.00399202
2017-12,Chengdu,new,0.00498754
2017-12,Chengdu,second_hand,0.001998
2018-01,Beijing,new,0.001998
2018-01,Beijing,second_hand,-0.00601807
2018-01,Shanghai,new,-0.00400802
2018-01,Shanghai,second_hand,0.0009995
2018-01,Hangzhou,new,0
2018-01,Hangzhou,second_hand,0.001998
2018-01,Guangzhou,new,-0.00400802
2018-01,Guangzhou,second_hand,-0.0010005
2018-01,Shenzhen,new,0
2018-01,Shenzhen,second_hand,0.00895974
2018-01,Chengdu,new,0.001998
2018-01,Chengdu,second_hand,-0.00300451
2018-02,Beijing,new,-0.00300451
2018-02,Beijing,second_hand,-0.00501254
2018-02,Shanghai,new,-0.002002
2018-02,Shanghai,second_hand,-0.00400802
2018-02,Hangzhou,new,-0.0010005
2018-02,Hangzhou,second_hand,0.00399202
2018-02,Guangzhou,new,-0.00400802
2018-02,Guangzhou,second_hand,0.001998
2018-02,Shenzhen,new,-0.00601807
2018-02,Shenzhen,second_hand,0.01291623
2018-02,Chengdu,new,0
2018-02,Chengdu,second_hand,0.001998
2018-03,Beijing,new,0.0009995
2018-03,Beijing,second_hand,-0.002002
2018-03,Shanghai,new,0.001998
2018-03,Shanghai,second_hand,-0.00601807
2018-03,Hangzhou,new,0.00299551
2018-03,Hangzhou,second_hand,0.00697561
2018-03,Guangzhou,new,0.001998
2018-03,Guangzhou,second_hand,0.001998
2018-03,Shenzhen,new,-0.0010005
2018-03,Shenzhen,second_hand,0.00697561
2018-03,Chengdu,new,0.001998
2018-03,Chengdu,second_hand,-0.00400802
2018-04,Beijing,new,0.001998
2018-04,Beijing,second_hand,-0.0010005
2018-04,Shanghai,new,-0.0010005
2018-04,Shanghai,second_hand,-0.002002
2018-04,Hangzhou,new,0.0009995
2018-04,Hangzhou,second_hand,0.00796817
2018-04,Guangzhou,new,-0.0010005
2018-04,Guangzhou,second_hand,0.00498754
2018-04,Shenzhen,new,0.0009995
2018-04,Shenzhen,second_hand,0.001998
2018-04,Chengdu,new,0.00299551
2018-04,Chengdu,second_hand,-0.00300451
2018-05,Beijing,new,0.001998
2018-05,Beijing,second_hand,0.00299551
2018-05,Shanghai,new,-0.002002
2018-05,Shanghai,second_hand,-0.00300451
2018-05,Hangzhou,new,0
2018-05,Hangzhou,second_hand,0.00895974
2018-05,Guangzhou,new,0.01783992
2018-05,Guangzhou,second_hand,0.00995033
2018-05,Shenzhen,new,-0.0010005
2018-05,Shenzhen,second_hand,0.00796817
2018-05,Chengdu,new,0.02078254
2018-05,Chengdu,second_hand,0.00598207
2018-06,Beijing,new,0
2018-06,Beijing,second_hand,0.0009995
2018-06,Shanghai,new,0
2018-06,Shanghai,second_hand,-0.00300451
2018-06,Hangzhou,new,0.00598207
2018-06,Hangzhou,second_hand,0.00796817
2018-06,Guangzhou,new,0.01882175
2018-06,Guangzhou,second_hand,0.00299551
2018-06,Shenzhen,new,0.00299551
2018-06,Shenzhen,second_hand,0.00299551
2018-06,Chengdu,new,0.01587335
2018-06,Chengdu,second_hand,0.00399202
2018-07,Beijing,new,0.001998
2018-07,Beijing,second_hand,0.00399202
2018-07,Shanghai,new,-0.0010005
2018-07,Shanghai,second_hand,-0.0010005
2018-07,Hangzhou,new,0.00796817
2018-07,Hangzhou,second_hand,0.00895974
2018-07,Guangzhou,new,0.00598207
2018-07,Guangzhou,second_hand,0.00299551
2018-07,Shenzhen,new,0.00498754
2018-07,Shenzhen,second_hand,0.00598207
2018-07,Chengdu,new,0.00995033
2018-07,Chengdu,second_hand,0.01587335
2018-08,Beijing,new,0
2018-08,Beijing,second_hand,0
2018-08,Shanghai,new,0.0009995
2018-08,Shanghai,second_hand,-0.0010005
2018-08,Hangzhou,new,0.00598207
2018-08,Hangzhou,second_hand,0.00697561
2018-08,Guangzhou,new,0.00895974
2018-08,Guangzhou,second_hand,0.00598207
2018-08,Shenzhen,new,0.00498754
2018-08,Shenzhen,second_hand,0.01093994
2018-08,Chengdu,new,0.01093994
2018-08,Chengdu,second_hand,0.01390291
2018-09,Beijing,new,0
2018-09,Beijing,second_hand,-0.002002
2018-09,Shanghai,new,-0.0010005
2018-09,Shanghai,second_hand,-0.002002
2018-09,Hangzhou,new,0.001998
2018-09,Hangzhou,second_hand,0
2018-09,Guangzhou,new,0.00399202
2018-09,Guangzhou,second_hand,0.001998
2018-09,Shenzhen,new,-0.002002
2018-09,Shenzhen,second_hand,0
2018-09,Chengdu,new,0.00697561
2018-09,Chengdu,second_hand,0.00598207
2018-10,Beijing,new,0.001998
2018-10,Beijing,second_hand,-0.002002
2018-10,Shanghai,new,0.0009995
2018-10,Shanghai,second_hand,-0.002002
2018-10,Hangzhou,new,0.01192857
2018-10,Hangzhou,second_hand,-0.00400802
2018-10,Guangzhou,new,0.001998
2018-10,Guangzhou,second_hand,-0.002002
2018-10,Shenzhen,new,-0.00501254
2018-10,Shenzhen,second_hand,-0.00601807
2018-10,Chengdu,new,0.01685712
2018-10,Chengdu,second_hand,0.00498754
2018-11,Beijing,new,0.00598207
2018-11,Beijing,second_hand,-0.00601807
2018-11,Shanghai,new,0.00498754
2018-11,Shanghai,second_hand,-0.0010005
2018-11,Hangzhou,new,0.00697561
2018-11,Hangzhou,second_hand,-0.00501254
2018-11,Guangzhou,new,0
2018-11,Guangzhou,second_hand,-0.00300451
2018-11,Shenzhen,new,-0.002002
2018-11,Shenzhen,second_hand,-0.002002
2018-11,Chengdu,new,0.01783992
2018-11,Chengdu,second_hand,0.00498754
2018-12,Beijing,new,0.00995033
2018-12,Beijing,second_hand,-0.002002
2018-12,Shanghai,new,0.00598207
2018-12,Shanghai,second_hand,-0.00300451
2018-12,Hangzhou,new,0.01093994
2018-12,Hangzhou,second_hand,0
2018-12,Guangzhou,new,0.0295588
2018-12,Guangzhou,second_hand,-0.00400802
2018-12,Shenzhen,new,0.00399202
2018-12,Shenzhen,second_hand,-0.00300451
2018-12,Chengdu,new,0.01291623
2018-12,Chengdu,second_hand,0.00895974
2019-01,Beijing,new,0.00598207
2019-01,Beijing,second_hand,-0.0010005
2019-01,Shanghai,new,0.0009995
2019-01,Shanghai,second_hand,0
2019-01,Hangzhou,new,0.00399202
2019-01,Hangzhou,second_hand,0.0009995
2019-01,Guangzhou,new,0.00895974
2019-01,Guangzhou,second_hand,-0.00300451
2019-01,Shenzhen,new,-0.0010005
2019-01,Shenzhen,second_hand,-0.00300451
2019-01,Chengdu,new,0.00796817
2019-01,Chengdu,second_hand,0
2019-02,Beijing,new,-0.002002
2019-02,Beijing,second_hand,0.001998
2019-02,Shanghai,new,0.00299551
2019-02,Shanghai,second_hand,-0.0010005
2019-02,Hangzhou,new,0.00498754
2019-02,Hangzhou,second_hand,0
2019-02,Guangzhou,new,0.01093994
2019-02,Guangzhou,second_hand,-0.002002
2019-02,Shenzhen,new,0
2019-02,Shenzhen,second_hand,0.00498754
2019-02,Chengdu,new,0.00697561
2019-02,Chengdu,second_hand,0.00498754
2019-03,Beijing,new,0.00399202
2019-03,Beijing,second_hand,0.00399202
2019-03,Shanghai,new,-0.0010005
2019-03,Shanghai,second_hand,0.00299551
2019-03,Hangzhou,new,0.00399202
2019-03,Hangzhou,second_hand,0.00697561
2019-03,Guangzhou,new,0.00796817
2019-03,Guangzhou,second_hand,-0.00501254
2019-03,Shenzhen,new,-0.00300451
2019-03,Shenzhen,second_hand,0.00697561
2019-03,Chengdu,new,0.00697561
2019-03,Chengdu,second_hand,-0.0010005
2019-04,Beijing,new,0.00498754
2019-04,Beijing,second_hand,0.00598207
2019-04,Shanghai,new,0.00299551
2019-04,Shanghai,second_hand,0.00498754
2019-04,Hangzhou,new,0.00995033
2019-04,Hangzhou,second_hand,0.00895974
2019-04,Guangzhou,new,0.01093994
2019-04,Guangzhou,second_hand,-0.00400802
2019-04,Shenzhen,new,0.00399202
2019-04,Shenzhen,second_hand,0.01093994
2019-04,Chengdu,new,0.00796817
2019-04,Chengdu,second_hand,-0.002002
2019-05,Beijing,new,0.00598207
2019-05,Beijing,second_hand,0
2019-05,Shanghai,new,-0.0010005
2019-05,Shanghai,second_hand,0.0009995
2019-05,Hangzhou,new,0.00796817
2019-05,Hangzhou,second_hand,0.01291623
2019-05,Guangzhou,new,0.00796817
2019-05,Guangzhou,second_hand,-0.00300451
2019-05,Shenzhen,new,0.00399202
2019-05,Shenzhen,second_hand,0
2019-05,Chengdu,new,0.00399202
2019-05,Chengdu,second_hand,0.00498754
2019-06,Beijing,new,-0.0010005
2019-06,Beijing,second_hand,0
2019-06,Shanghai,new,0.00299551
2019-06,Shanghai,second_hand,-0.0010005
2019-06,Hangzhou,new,0.01093994
2019-06,Hangzhou,second_hand,0.00399202
2019-06,Guangzhou,new,0.00299551
2019-06,Guangzhou,second_hand,0
2019-06,Shenzhen,new,0.00498754
2019-06,Shenzhen,second_hand,-0.0010005
2019-06,Chengdu,new,0.01291623
2019-06,Chengdu,second_hand,0.0009995
2019-07,Beijing,new,0.00598207
2019-07,Beijing,second_hand,-0.00300451
2019-07,Shanghai,new,-0.0010005
2019-07,Shanghai,second_hand,0.00399202
2019-07,Hangzhou,new,0.00498754
2019-07,Hangzhou,second_hand,0.0009995
2019-07,Guangzhou,new,0.00299551
2019-07,Guangzhou,second_hand,0.00399202
2019-07,Shenzhen,new,0
2019-07,Shenzhen,second_hand,0.00697561
2019-07,Chengdu,new,0.01291623
2019-07,Chengdu,second_hand,0.00796817
2019-08,Beijing,new,0.00498754
2019-08,Beijing,second_hand,-0.00400802
2019-08,Shanghai,new,0.00299551
2019-08,Shanghai,second_hand,0
2019-08,Hangzhou,new,0
2019-08,Hangzhou,second_hand,-0.0010005
2019-08,Guangzhou,new,0.001998
2019-08,Guangzhou,second_hand,0
2019-08,Shenzhen,new,0.001998
2019-08,Shenzhen,second_hand,0.001998
2019-08,Chengdu,new,0.00697561
2019-08,Chengdu,second_hand,-0.00904074
2019-09,Beijing,new,0
2019-09,Beijing,second_hand,-0.00501254
2019-09,Shanghai,new,0.00498754
2019-09,Shanghai,second_hand,0.00598207
2019-09,Hangzhou,new,0.001998
2019-09,Hangzhou,second_hand,-0.002002
2019-09,Guangzhou,new,0
2019-09,Guangzhou,second_hand,-0.00300451
2019-09,Shenzhen,new,0.01192857
2019-09,Shenzhen,second_hand,0.01291623
2019-09,Chengdu,new,0.00697561
2019-09,Chengdu,second_hand,-0.00400802
2019-10,Beijing,new,-0.002002
2019-10,Beijing,second_hand,-0.00601807
2019-10,Shanghai,new,0.00399202
2019-10,Shanghai,second_hand,-0.002002
2019-10,Hangzhou,new,-0.002002
2019-10,Hangzhou,second_hand,-0.0010005
2019-10,Guangzhou,new,-0.0010005
2019-10,Guangzhou,second_hand,-0.0010005
2019-10,Shenzhen,new,0.00399202
2019-10,Shenzhen,second_hand,0.00995033
2019-10,Chengdu,new,0.01488861
2019-10,Chengdu,second_hand,0
2019-11,Beijing,new,0.01685712
2019-11,Beijing,second_hand,-0.00400802
2019-11,Shanghai,new,0.00299551
2019-11,Shanghai,second_hand,0
2019-11,Hangzhou,new,-0.0010005
2019-11,Hangzhou,second_hand,0
2019-11,Guangzhou,new,-0.00501254
2019-11,Guangzhou,second_hand,-0.002002
2019-11,Shenzhen,new,0.001998
2019-11,Shenzhen,second_hand,0.01390291
2019-11,Chengdu,new,0.00796817
2019-11,Chengdu,second_hand,-0.002002
2019-12,Beijing,new,0.00399202
2019-12,Beijing,second_hand,0.00598207
2019-12,Shanghai,new,0
2019-12,Shanghai,second_hand,-0.002002
2019-12,Hangzhou,new,0.00299551
2019-12,Hangzhou,second_hand,0.001998
2019-12,Guangzhou,new,-0.00300451
2019-12,Guangzhou,second_hand,0
2019-12,Shenzhen,new,0.00697561
2019-12,Shenzhen,second_hand,0.00995033
2019-12,Chengdu,new,0.00498754
2019-12,Chengdu,second_hand,0.00399202
2020-01,Beijing,new,0
2020-01,Beijing,second_hand,0.00399202
2020-01,Shanghai,new,0.00498754
2020-01,Shanghai,second_hand,0.001998
2020-01,Hangzhou,new,0.00299551
2020-01,Hangzhou,second_hand,0.0009995
2020-01,Guangzhou,new,0.00299551
2020-01,Guangzhou,second_hand,0.00299551
2020-01,Shenzhen,new,0.00498754
2020-01,Shenzhen,second_hand,0.00697561
2020-01,Chengdu,new,0.00299551
2020-01,Chengdu,second_hand,-0.0010005
2020-02,Beijing,new,0.0009995
2020-02,Beijing,second_hand,-0.002002
2020-02,Shanghai,new,0
2020-02,Shanghai,second_hand,0.001998
2020-02,Hangzhou,new,-0.0010005
2020-02,Hangzhou,second_hand,0
2020-02,Guangzhou,new,-0.0010005
2020-02,Guangzhou,second_hand,-0.0010005
2020-02,Shenzhen,new,0
2020-02,Shenzhen,second_hand,0.00498754
2020-02,Chengdu,new,0.01192857
2020-02,Chengdu,second_hand,0.00895974
2020-03,Beijing,new,0
2020-03,Beijing,second_hand,0.001998
2020-03,Shanghai,new,0.0009995
2020-03,Shanghai,second_hand,0.00299551
2020-03,Hangzhou,new,0.01291623
2020-03,Hangzhou,second_hand,0.00697561
2020-03,Guangzhou,new,-0.00501254
2020-03,Guangzhou,second_hand,-0.002002
2020-03,Shenzhen,new,0.00498754
2020-03,Shenzhen,second_hand,0.01587335
2020-03,Chengdu,new,0.00498754
2020-03,Chengdu,second_hand,0.00697561
2020-04,Beijing,new,-0.00300451
2020-04,Beijing,second_hand,0.01093994
2020-04,Shanghai,new,0.00598207
2020-04,Shanghai,second_hand,0.01192857
2020-04,Hangzhou,new,0.00895974
2020-04,Hangzhou,second_hand,0.00995033
2020-04,Guangzhou,new,0
2020-04,Guangzhou,second_hand,0
2020-04,Shenzhen,new,0
2020-04,Shenzhen,second_hand,0.01685712
2020-04,Chengdu,new,0.00697561
2020-04,Chengdu,second_hand,0.02078254
2020-05,Beijing,new,0.00498754
2020-05,Beijing,second_hand,0.01783992
2020-05,Shanghai,new,0.00796817
2020-05,Shanghai,second_hand,0.00598207
2020-05,Hangzhou,new,0.00697561
2020-05,Hangzhou,second_hand,0.00796817
2020-05,Guangzhou,new,0.00299551
2020-05,Guangzhou,second_hand,0.00399202
2020-05,Shenzhen,new,0.00598207
2020-05,Shenzhen,second_hand,0.01587335
2020-05,Chengdu,new,0.00498754
2020-05,Chengdu,second_hand,0.01291623
2020-06,Beijing,new,0.00399202
2020-06,Beijing,second_hand,0.00697561
2020-06,Shanghai,new,0.00498754
2020-06,Shanghai,second_hand,0.00399202
2020-06,Hangzhou,new,0.01192857
2020-06,Hangzhou,second_hand,0.00995033
2020-06,Guangzhou,new,0.00598207
2020-06,Guangzhou,second_hand,0.00796817
2020-06,Shenzhen,new,0.00796817
2020-06,Shenzhen,second_hand,0.01882175
2020-06,Chengdu,new,0.00895974
2020-06,Chengdu,second_hand,0.00598207
2020-07,Beijing,new,0.00299551
2020-07,Beijing,second_hand,0
2020-07,Shanghai,new,0.00399202
2020-07,Shanghai,second_hand,0.00498754
2020-07,Hangzhou,new,0.001998
2020-07,Hangzhou,second_hand,0.01291623
2020-07,Guangzhou,new,0.00796817
2020-07,Guangzhou,second_hand,0.01587335
2020-07,Shenzhen,new,0.00598207
2020-07,Shenzhen,second_hand,0.01192857
2020-07,Chengdu,new,0.00895974
2020-07,Chengdu,second_hand,0.00697561
2020-08,Beijing,new,0.00598207
2020-08,Beijing,second_hand,0.00697561
2020-08,Shanghai,new,0.00598207
2020-08,Shanghai,second_hand,0.00796817
2020-08,Hangzhou,new,0.00399202
2020-08,Hangzhou,second_hand,0.00697561
2020-08,Guangzhou,new,0.00895974
2020-08,Guangzhou,second_hand,0.01685712
2020-08,Shenzhen,new,0.00498754
2020-08,Shenzhen,second_hand,0.01093994
2020-08,Chengdu,new,0.00995033
2020-08,Chengdu,second_hand,0.01192857
2020-09,Beijing,new,0.00299551
2020-09,Beijing,second_hand,0.00399202
2020-09,Shanghai,new,0.00498754
2020-09,Shanghai,second_hand,0.00995033
2020-09,Hangzhou,new,0
2020-09,Hangzhou,second_hand,0.00299551
2020-09,Guangzhou,new,0.00598207
2020-09,Guangzhou,second_hand,0.00697561
2020-09,Shenzhen,new,0.00399202
2020-09,Shenzhen,second_hand,0.01093994
2020-09,Chengdu,new,0.00299551
2020-09,Chengdu,second_hand,0.00299551
2020-10,Beijing,new,0.001998
2020-10,Beijing,second_hand,0.00399202
2020-10,Shanghai,new,0.00299551
2020-10,Shanghai,second_hand,0.00498754
2020-10,Hangzhou,new,0
2020-10,Hangzhou,second_hand,0.00299551
2020-10,Guangzhou,new,0.00498754
2020-10,Guangzhou,second_hand,0.00598207
2020-10,Shenzhen,new,0.001998
2020-10,Shenzhen,second_hand,0.00895974
2020-10,Chengdu,new,0.0009995
2020-10,Chengdu,second_hand,0.001998
2020-11,Beijing,new,-0.0010005
2020-11,Beijing,second_hand,0.00498754
2020-11,Shanghai,new,0
2020-11,Shanghai,second_hand,0.00299551
2020-11,Hangzhou,new,-0.002002
2020-11,Hangzhou,second_hand,0.0009995
2020-11,Guangzhou,new,0.00895974
2020-11,Guangzhou,second_hand,0.00796817
2020-11,Shenzhen,new,0
2020-11,Shenzhen,second_hand,0.00598207
2020-11,Chengdu,new,0
2020-11,Chengdu,second_hand,0.00399202
2020-12,Beijing,new,0.00299551
2020-12,Beijing,second_hand,0.00498754
2020-12,Shanghai,new,0.001998
2020-12,Shanghai,second_hand,0.00598207
2020-12,Hangzhou,new,-0.00300451
2020-12,Hangzhou,second_hand,0.00498754
2020-12,Guangzhou,new,0.00697561
2020-12,Guangzhou,second_hand,0.00697561
2020-12,Shenzhen,new,-0.0010005
2020-12,Shenzhen,second_hand,0.00498754
2020-12,Chengdu,new,-0.00300451
2020-12,Chengdu,second_hand,-0.00300451
2021-01,Beijing,new,0.00498754
2021-01,Beijing,second_hand,0.00895974
2021-01,Shanghai,new,0.00598207
2021-01,Shanghai,second_hand,0.01291623
2021-01,Hangzhou,new,0.0009995
2021-01,Hangzhou,second_hand,0.00697561
2021-01,Guangzhou,new,0.00995033
2021-01,Guangzhou,second_hand,0.01390291
2021-01,Shenzhen,new,0.00299551
2021-01,Shenzhen,second_hand,0.01685712
2021-01,Chengdu,new,0.00796817
2021-01,Chengdu,second_hand,0.00995033
2021-02,Beijing,new,0.00697561
2021-02,Beijing,second_hand,0.01192857
2021-02,Shanghai,new,0.00498754
2021-02,Shanghai,second_hand,0.01291623
2021-02,Hangzhou,new,0.001998
2021-02,Hangzhou,second_hand,0.00399202
2021-02,Guangzhou,new,0.00895974
2021-02,Guangzhou,second_hand,0.00995033
2021-02,Shenzhen,new,0.0009995
2021-02,Shenzhen,second_hand,0.00895974
2021-02,Chengdu,new,0.00697561
2021-02,Chengdu,second_hand,0.00796817
2021-03,Beijing,new,0.001998
2021-03,Beijing,second_hand,0.01390291
2021-03,Shanghai,new,0.00299551
2021-03,Shanghai,second_hand,0.01093994
2021-03,Hangzhou,new,0.00498754
2021-03,Hangzhou,second_hand,0.01192857
2021-03,Guangzhou,new,0.00995033
2021-03,Guangzhou,second_hand,0.01390291
2021-03,Shenzhen,new,0.0009995
2021-03,Shenzhen,second_hand,0.00399202
2021-03,Chengdu,new,0.00498754
2021-03,Chengdu,second_hand,0.00697561
2021-04,Beijing,new,0.00598207
2021-04,Beijing,second_hand,0.01192857
2021-04,Shanghai,new,0.00299551
2021-04,Shanghai,second_hand,0.00895974
2021-04,Hangzhou,new,0.00498754
2021-04,Hangzhou,second_hand,0.00995033
2021-04,Guangzhou,new,0.01093994
2021-04,Guangzhou,second_hand,0.01192857
2021-04,Shenzhen,new,0.00498754
2021-04,Shenzhen,second_hand,0
2021-04,Chengdu,new,0.00498754
2021-04,Chengdu,second_hand,0.00299551
2021-05,Beijing,new,0.00299551
2021-05,Beijing,second_hand,0.01093994
2021-05,Shanghai,new,0.00399202
2021-05,Shanghai,second_hand,0.00697561
2021-05,Hangzhou,new,0.00598207
2021-05,Hangzhou,second_hand,0.00895974
2021-05,Guangzhou,new,0.01488861
2021-05,Guangzhou,second_hand,0.00895974
2021-05,Shenzhen,new,0.00598207
2021-05,Shenzhen,second_hand,-0.0010005
2021-05,Chengdu,new,0.00399202
2021-05,Chengdu,second_hand,0.00697561
2021-06,Beijing,new,0.00895974
2021-06,Beijing,second_hand,0.01291623
2021-06,Shanghai,new,0.00498754
2021-06,Shanghai,second_hand,0.00995033
2021-06,Hangzhou,new,0.00796817
2021-06,Hangzhou,second_hand,0.00796817
2021-06,Guangzhou,new,0.00995033
2021-06,Guangzhou,second_hand,0.00598207
2021-06,Shenzhen,new,0.00498754
2021-06,Shenzhen,second_hand,-0.002002
2021-06,Chengdu,new,0.00299551
2021-06,Chengdu,second_hand,0.00498754
2021-07,Beijing,new,0.00796817
2021-07,Beijing,second_hand,0.00697561
2021-07,Shanghai,new,0.00399202
2021-07,Shanghai,second_hand,0.00697561
2021-07,Hangzhou,new,0.00498754
2021-07,Hangzhou,second_hand,0.00498754
2021-07,Guangzhou,new,0.001998
2021-07,Guangzhou,second_hand,0.00598207
2021-07,Shenzhen,new,0.00498754
2021-07,Shenzhen,second_hand,-0.00400802
2021-07,Chengdu,new,0.00399202
2021-07,Chengdu,second_hand,0
2021-08,Beijing,new,0.001998
2021-08,Beijing,second_hand,0.00399202
2021-08,Shanghai,new,0.00399202
2021-08,Shanghai,second_hand,0.001998
2021-08,Hangzhou,new,0.00598207
2021-08,Hangzhou,second_hand,0.001998
2021-08,Guangzhou,new,-0.0010005
2021-08,Guangzhou,second_hand,0.00498754
2021-08,Shenzhen,new,0.00995033
2021-08,Shenzhen,second_hand,-0.00400802
2021-08,Chengdu,new,0.00299551
2021-08,Chengdu,second_hand,0.00498754
2021-09,Beijing,new,0
2021-09,Beijing,second_hand,-0.002002
2021-09,Shanghai,new,0.001998
2021-09,Shanghai,second_hand,-0.00601807
2021-09,Hangzhou,new,0.00399202
2021-09,Hangzhou,second_hand,-0.00400802
2021-09,Guangzhou,new,-0.0010005
2021-09,Guangzhou,second_hand,-0.00400802
2021-09,Shenzhen,new,0.001998
2021-09,Shenzhen,second_hand,-0.00501254
2021-09,Chengdu,new,-0.002002
2021-09,Chengdu,second_hand,0.0009995
2021-10,Beijing,new,0.00598207
2021-10,Beijing,second_hand,-0.00501254
2021-10,Shanghai,new,0.0009995
2021-10,Shanghai,second_hand,-0.00400802
2021-10,Hangzhou,new,0.00399202
2021-10,Hangzhou,second_hand,-0.00501254
2021-10,Guangzhou,new,-0.00300451
2021-10,Guangzhou,second_hand,-0.00601807
2021-10,Shenzhen,new,-0.002002
2021-10,Shenzhen,second_hand,-0.002002
2021-10,Chengdu,new,-0.00601807
2021-10,Chengdu,second_hand,0
2021-11,Beijing,new,0.00299551
2021-11,Beijing,second_hand,-0.002002
2021-11,Shanghai,new,0.001998
2021-11,Shanghai,second_hand,-0.0010005
2021-11,Hangzhou,new,0.00498754
2021-11,Hangzhou,second_hand,-0.0010005
2021-11,Guangzhou,new,-0.00601807
2021-11,Guangzhou,second_hand,-0.00501254
2021-11,Shenzhen,new,0
2021-11,Shenzhen,second_hand,-0.002002
2021-11,Chengdu,new,-0.002002
2021-11,Chengdu,second_hand,-0.00601807
2021-12,Beijing,new,0
2021-12,Beijing,second_hand,0.00796817
2021-12,Shanghai,new,0.00399202
2021-12,Shanghai,second_hand,0.00399202
2021-12,Hangzhou,new,0.00498754
2021-12,Hangzhou,second_hand,0.00299551
2021-12,Guangzhou,new,-0.00601807
2021-12,Guangzhou,second_hand,-0.00300451
2021-12,Shenzhen,new,-0.0010005
2021-12,Shenzhen,second_hand,-0.00400802
2021-12,Chengdu,new,-0.00400802
2021-12,Chengdu,second_hand,-0.00300451
2022-01,Beijing,new,0.00995033
2022-01,Beijing,second_hand,0.00498754
2022-01,Shanghai,new,0.00598207
2022-01,Shanghai,second_hand,0.00598207
2022-01,Hangzhou,new,0.00299551
2022-01,Hangzhou,second_hand,0.00399202
2022-01,Guangzhou,new,0.00498754
2022-01,Guangzhou,second_hand,-0.002002
2022-01,Shenzhen,new,0.00498754
2022-01,Shenzhen,second_hand,-0.00501254
2022-01,Chengdu,new,0.00995033
2022-01,Chengdu,second_hand,0.00796817
2022-02,Beijing,new,0.00598207
2022-02,Beijing,second_hand,0.00697561
2022-02,Shanghai,new,0.00498754
2022-02,Shanghai,second_hand,0.00895974
2022-02,Hangzhou,new,0.00399202
2022-02,Hangzhou,second_hand,0.001998
2022-02,Guangzhou,new,0.00598207
2022-02,Guangzhou,second_hand,0.00598207
2022-02,Shenzhen,new,0.00399202
2022-02,Shenzhen,second_hand,-0.002002
2022-02,Chengdu,new,0.00697561
2022-02,Chengdu,second_hand,0.00598207
2022-03,Beijing,new,0.00399202
2022-03,Beijing,second_hand,0.01192857
2022-03,Shanghai,new,0.00299551
2022-03,Shanghai,second_hand,0.00399202
2022-03,Hangzhou,new,0.00697561
2022-03,Hangzhou,second_hand,0.00299551
2022-03,Guangzhou,new,-0.0010005
2022-03,Guangzhou,second_hand,0.00299551
2022-03,Shenzhen,new,0.00796817
2022-03,Shenzhen,second_hand,-0.00300451
2022-03,Chengdu,new,0.00796817
2022-03,Chengdu,second_hand,0.00598207
2022-04,Beijing,new,0.00697561
2022-04,Beijing,second_hand,0.00598207
2022-04,Shanghai,new,0
2022-04,Shanghai,second_hand,0
2022-04,Hangzhou,new,0.00598207
2022-04,Hangzhou,second_hand,0.0009995
2022-04,Guangzhou,new,0.0009995
2022-04,Guangzhou,second_hand,0.00498754
2022-04,Shenzhen,new,-0.0010005
2022-04,Shenzhen,second_hand,0.00498754
2022-04,Chengdu,new,0.00796817
2022-04,Chengdu,second_hand,0.00697561
2022-05,Beijing,new,0.00399202
2022-05,Beijing,second_hand,-0.0010005
2022-05,Shanghai,new,0
2022-05,Shanghai,second_hand,0
2022-05,Hangzhou,new,0.00399202
2022-05,Hangzhou,second_hand,-0.002002
2022-05,Guangzhou,new,0.00498754
2022-05,Guangzhou,second_hand,0.001998
2022-05,Shenzhen,new,0.00498754
2022-05,Shenzhen,second_hand,0.0009995
2022-05,Chengdu,new,0.00895974
2022-05,Chengdu,second_hand,0.00895974
2022-06,Beijing,new,0.00796817
2022-06,Beijing,second_hand,0.00498754
2022-06,Shanghai,new,0.00498754
2022-06,Shanghai,second_hand,0.001998
2022-06,Hangzhou,new,0.00995033
2022-06,Hangzhou,second_hand,0.00598207
2022-06,Guangzhou,new,0.00299551
2022-06,Guangzhou,second_hand,0.00498754
2022-06,Shenzhen,new,0.001998
2022-06,Shenzhen,second_hand,-0.01005034
2022-06,Chengdu,new,0.01291623
2022-06,Chengdu,second_hand,0.01980263
2022-07,Beijing,new,0.00498754
2022-07,Beijing,second_hand,0.001998
2022-07,Shanghai,new,0.00498754
2022-07,Shanghai,second_hand,0.00796817
2022-07,Hangzhou,new,0.00697561
2022-07,Hangzhou,second_hand,-0.00300451
2022-07,Guangzhou,new,0.00299551
2022-07,Guangzhou,second_hand,0.0009995
2022-07,Shenzhen,new,-0.002002
2022-07,Shenzhen,second_hand,-0.00501254
2022-07,Chengdu,new,0.00995033
2022-07,Chengdu,second_hand,0.01291623
2022-08,Beijing,new,0.00399202
2022-08,Beijing,second_hand,0.001998
2022-08,Shanghai,new,0.00598207
2022-08,Shanghai,second_hand,0.00598207
2022-08,Hangzhou,new,0.00399202
2022-08,Hangzhou,second_hand,-0.00400802
2022-08,Guangzhou,new,-0.002002
2022-08,Guangzhou,second_hand,-0.0010005
2022-08,Shenzhen,new,-0.00400802
2022-08,Shenzhen,second_hand,-0.00501254
2022-08,Chengdu,new,0.00399202
2022-08,Chengdu,second_hand,0.00598207
2022-09,Beijing,new,0.001998
2022-09,Beijing,second_hand,0.00399202
2022-09,Shanghai,new,0.001998
2022-09,Shanghai,second_hand,0.00498754
2022-09,Hangzhou,new,0.00399202
2022-09,Hangzhou,second_hand,-0.00601807
2022-09,Guangzhou,new,-0.00300451
2022-09,Guangzhou,second_hand,-0.00601807
2022-09,Shenzhen,new,-0.00501254
2022-09,Shenzhen,second_hand,-0.00400802
2022-09,Chengdu,new,0.00697561
2022-09,Chengdu,second_hand,0.00299551
2022-10,Beijing,new,0.00399202
2022-10,Beijing,second_hand,0.0009995
2022-10,Shanghai,new,0.00299551
2022-10,Shanghai,second_hand,-0.00400802
2022-10,Hangzhou,new,0.00299551
2022-10,Hangzhou,second_hand,-0.00803217
2022-10,Guangzhou,new,-0.00300451
2022-10,Guangzhou,second_hand,-0.00702461
2022-10,Shenzhen,new,-0.00702461
2022-10,Shenzhen,second_hand,-0.002002
2022-10,Chengdu,new,0.00299551
2022-10,Chengdu,second_hand,0.00399202
2022-11,Beijing,new,0.0009995
2022-11,Beijing,second_hand,-0.002002
2022-11,Shanghai,new,0.00299551
2022-11,Shanghai,second_hand,-0.00501254
2022-11,Hangzhou,new,0.00697561
2022-11,Hangzhou,second_hand,-0.002002
2022-11,Guangzhou,new,-0.00501254
2022-11,Guangzhou,second_hand,-0.00601807
2022-11,Shenzhen,new,-0.00501254
2022-11,Shenzhen,second_hand,-0.00300451
2022-11,Chengdu,new,0.00498754
2022-11,Chengdu,second_hand,0.00299551
2022-12,Beijing,new,0.001998
2022-12,Beijing,second_hand,-0.00400802
2022-12,Shanghai,new,0.00399202
2022-12,Shanghai,second_hand,-0.00501254
2022-12,Hangzhou,new,0.00299551
2022-12,Hangzhou,second_hand,-0.0010005
2022-12,Guangzhou,new,-0.00400802
2022-12,Guangzhou,second_hand,-0.00601807
2022-12,Shenzhen,new,-0.00300451
2022-12,Shenzhen,second_hand,-0.00501254
2022-12,Chengdu,new,0.00498754
2022-12,Chengdu,second_hand,0.001998
2023-01,Beijing,new,0.00399202
2023-01,Beijing,second_hand,0.00895974
2023-01,Shanghai,new,0.00697561
2023-01,Shanghai,second_hand,0.00399202
2023-01,Hangzhou,new,0.00399202
2023-01,Hangzhou,second_hand,-0.002002
2023-01,Guangzhou,new,-0.002002
2023-01,Guangzhou,second_hand,-0.002002
2023-01,Shenzhen,new,-0.002002
2023-01,Shenzhen,second_hand,0.00598207
2023-01,Chengdu,new,0.00598207
2023-01,Chengdu,second_hand,0.00498754
2023-02,Beijing,new,0.001998
2023-02,Beijing,second_hand,0.00796817
2023-02,Shanghai,new,0.001998
2023-02,Shanghai,second_hand,0.00995033
2023-02,Hangzhou,new,0.001998
2023-02,Hangzhou,second_hand,0.00399202
2023-02,Guangzhou,new,0.00299551
2023-02,Guangzhou,second_hand,0.00498754
2023-02,Shenzhen,new,0.001998
2023-02,Shenzhen,second_hand,0.00498754
2023-02,Chengdu,new,0.00697561
2023-02,Chengdu,second_hand,0.00995033
2023-03,Beijing,new,0.00299551
2023-03,Beijing,second_hand,0.00697561
2023-03,Shanghai,new,0.00399202
2023-03,Shanghai,second_hand,0.00697561
2023-03,Hangzhou,new,0.001998
2023-03,Hangzhou,second_hand,0.00598207
2023-03,Guangzhou,new,0.001998
2023-03,Guangzhou,second_hand,0.001998
2023-03,Shenzhen,new,0.00399202
2023-03,Shenzhen,second_hand,0.00299551
2023-03,Chengdu,new,0.00697561
2023-03,Chengdu,second_hand,0.00796817
2023-04,Beijing,new,0.00598207
2023-04,Beijing,second_hand,0.0009995
2023-04,Shanghai,new,0.00399202
2023-04,Shanghai,second_hand,-0.002002
2023-04,Hangzhou,new,0.0009995
2023-04,Hangzhou,second_hand,0.00299551
2023-04,Guangzhou,new,0.001998
2023-04,Guangzhou,second_hand,0.00299551
2023-04,Shenzhen,new,0.00299551
2023-04,Shenzhen,second_hand,0.00498754
2023-04,Chengdu,new,0.00895974
2023-04,Chengdu,second_hand,0.00697561
2023-05,Beijing,new,0.001998
2023-05,Beijing,second_hand,-0.00601807
2023-05,Shanghai,new,0.00299551
2023-05,Shanghai,second_hand,-0.00803217
2023-05,Hangzhou,new,0.001998
2023-05,Hangzhou,second_hand,-0.00501254
2023-05,Guangzhou,new,0.0009995
2023-05,Guangzhou,second_hand,-0.002002
2023-05,Shenzhen,new,-0.002002
2023-05,Shenzhen,second_hand,-0.0010005
2023-05,Chengdu,new,0.00498754
2023-05,Chengdu,second_hand,0.00299551
2023-06,Beijing,new,0.0009995
2023-06,Beijing,second_hand,-0.00702461
2023-06,Shanghai,new,0.00399202
2023-06,Shanghai,second_hand,-0.01207258
2023-06,Hangzhou,new,0.00399202
2023-06,Hangzhou,second_hand,-0.00601807
2023-06,Guangzhou,new,-0.0010005
2023-06,Guangzhou,second_hand,-0.00300451
2023-06,Shenzhen,new,-0.00300451
2023-06,Shenzhen,second_hand,-0.00702461
2023-06,Chengdu,new,0.001998
2023-06,Chengdu,second_hand,0.001998
2023-07,Beijing,new,0.00399202
2023-07,Beijing,second_hand,-0.00601807
2023-07,Shanghai,new,0.001998
2023-07,Shanghai,second_hand,-0.00702461
2023-07,Hangzhou,new,0
2023-07,Hangzhou,second_hand,-0.00601807
2023-07,Guangzhou,new,-0.002002
2023-07,Guangzhou,second_hand,-0.01005034
2023-07,Shenzhen,new,-0.00601807
2023-07,Shenzhen,second_hand,-0.00904074
2023-07,Chengdu,new,0.001998
2023-07,Chengdu,second_hand,-0.002002
2023-08,Beijing,new,-0.002002
2023-08,Beijing,second_hand,0.00399202
2023-08,Shanghai,new,0.0009995
2023-08,Shanghai,second_hand,-0.00300451
2023-08,Hangzhou,new,0.0009995
2023-08,Hangzhou,second_hand,-0.00501254
2023-08,Guangzhou,new,-0.00300451
2023-08,Guangzhou,second_hand,-0.00601807
2023-08,Shenzhen,new,-0.00601807
2023-08,Shenzhen,second_hand,-0.002002
2023-08,Chengdu,new,0.00299551
2023-08,Chengdu,second_hand,-0.00400802
2023-09,Beijing,new,0.00399202
2023-09,Beijing,second_hand,0.00697561
2023-09,Shanghai,new,0.00498754
2023-09,Shanghai,second_hand,0.00598207
2023-09,Hangzhou,new,0.0009995
2023-09,Hangzhou,second_hand,-0.00400802
2023-09,Guangzhou,new,-0.00601807
2023-09,Guangzhou,second_hand,-0.00702461
2023-09,Shenzhen,new,-0.00501254
2023-09,Shenzhen,second_hand,0
2023-09,Chengdu,new,0.001998
2023-09,Chengdu,second_hand,-0.002002
2023-10,Beijing,new,-0.00400802
2023-10,Beijing,second_hand,-0.01106095
2023-10,Shanghai,new,0.001998
2023-10,Shanghai,second_hand,-0.00803217
2023-10,Hangzhou,new,0.00299551
2023-10,Hangzhou,second_hand,0.00498754
2023-10,Guangzhou,new,-0.00702461
2023-10,Guangzhou,second_hand,-0.00803217
2023-10,Shenzhen,new,-0.00501254
2023-10,Shenzhen,second_hand,-0.00501254
2023-10,Chengdu,new,0.001998
2023-10,Chengdu,second_hand,-0.0010005
2023-11,Beijing,new,-0.0010005
2023-11,Beijing,second_hand,-0.01409892
2023-11,Shanghai,new,0.00598207
2023-11,Shanghai,second_hand,-0.01511364
2023-11,Hangzhou,new,0.00399202
2023-11,Hangzhou,second_hand,0
2023-11,Guangzhou,new,-0.00904074
2023-11,Guangzhou,second_hand,-0.01005034
2023-11,Shenzhen,new,-0.00803217
2023-11,Shenzhen,second_hand,-0.01511364
2023-11,Chengdu,new,0.00299551
2023-11,Chengdu,second_hand,-0.00501254
2023-12,Beijing,new,0
2023-12,Beijing,second_hand,-0.01207258
2023-12,Shanghai,new,0.001998
2023-12,Shanghai,second_hand,-0.00601807
2023-12,Hangzhou,new,-0.002002
2023-12,Hangzhou,second_hand,-0.01106095
2023-12,Guangzhou,new,-0.01005034
2023-12,Guangzhou,second_hand,-0.01511364
2023-12,Shenzhen,new,-0.00904074
2023-12,Shenzhen,second_hand,-0.01106095
2023-12,Chengdu,new,0.0009995
2023-12,Chengdu,second_hand,-0.01511364
2024-01,Beijing,new,-0.0010005
2024-01,Beijing,second_hand,-0.00702461
2024-01,Shanghai,new,0.00399202
2024-01,Shanghai,second_hand,-0.00803217
2024-01,Hangzhou,new,-0.00300451
2024-01,Hangzhou,second_hand,-0.01207258
2024-01,Guangzhou,new,-0.00803217
2024-01,Guangzhou,second_hand,-0.01207258
2024-01,Shenzhen,new,-0.00702461
2024-01,Shenzhen,second_hand,-0.01612938
2024-01,Chengdu,new,0
2024-01,Chengdu,second_hand,-0.00904074
2024-02,Beijing,new,-0.0010005
2024-02,Beijing,second_hand,-0.00904074
2024-02,Shanghai,new,0.001998
2024-02,Shanghai,second_hand,-0.00601807
2024-02,Hangzhou,new,-0.002002
2024-02,Hangzhou,second_hand,-0.00702461
2024-02,Guangzhou,new,-0.00803217
2024-02,Guangzhou,second_hand,-0.01005034
2024-02,Shenzhen,new,-0.00501254
2024-02,Shenzhen,second_hand,-0.00501254
2024-02,Chengdu,new,-0.0010005
2024-02,Chengdu,second_hand,-0.00904074
2024-03,Beijing,new,0
2024-03,Beijing,second_hand,-0.00400802
2024-03,Shanghai,new,0.00498754
2024-03,Shanghai,second_hand,-0.00300451
2024-03,Hangzhou,new,0
2024-03,Hangzhou,second_hand,-0.00501254
2024-03,Guangzhou,new,-0.00702461
2024-03,Guangzhou,second_hand,-0.01005034
2024-03,Shenzhen,new,-0.00400802
2024-03,Shenzhen,second_hand,-0.01005034
2024-03,Chengdu,new,-0.0010005
2024-03,Chengdu,second_hand,-0.00702461
2024-04,Beijing,new,-0.00702461
2024-04,Beijing,second_hand,-0.01612938
2024-04,Shanghai,new,0.00299551
2024-04,Shanghai,second_hand,-0.00803217
2024-04,Hangzhou,new,-0.00501254
2024-04,Hangzhou,second_hand,-0.01106095
2024-04,Guangzhou,new,-0.01308524
2024-04,Guangzhou,second_hand,-0.01409892
2024-04,Shenzhen,new,-0.01005034
2024-04,Shenzhen,second_hand,-0.00702461
2024-04,Chengdu,new,-0.00300451
2024-04,Chengdu,second_hand,-0.00803217
2024-05,Beijing,new,-0.01106095
2024-05,Beijing,second_hand,-0.01207258
2024-05,Shanghai,new,0.00598207
2024-05,Shanghai,second_hand,-0.01308524
2024-05,Hangzhou,new,-0.00601807
2024-05,Hangzhou,second_hand,-0.01005034
2024-05,Guangzhou,new,-0.01409892
2024-05,Guangzhou,second_hand,-0.01612938
2024-05,Shenzhen,new,-0.00803217
2024-05,Shenzhen,second_hand,-0.01005034
2024-05,Chengdu,new,-0.00702461
2024-05,Chengdu,second_hand,-0.01106095
2024-06,Beijing,new,-0.00601807
2024-06,Beijing,second_hand,0.001998
2024-06,Shanghai,new,0.00399202
2024-06,Shanghai,second_hand,0.00498754
2024-06,Hangzhou,new,-0.00300451
2024-06,Hangzhou,second_hand,0.00299551
2024-06,Guangzhou,new,-0.01207258
2024-06,Guangzhou,second_hand,-0.01511364
2024-06,Shenzhen,new,-0.00702461
2024-06,Shenzhen,second_hand,-0.01005034
2024-06,Chengdu,new,-0.01005034
2024-06,Chengdu,second_hand,-0.01106095
2024-07,Beijing,new,-0.00501254
2024-07,Beijing,second_hand,0
2024-07,Shanghai,new,0.001998
2024-07,Shanghai,second_hand,0.0009995
2024-07,Hangzhou,new,-0.00300451
2024-07,Hangzhou,second_hand,-0.00400802
2024-07,Guangzhou,new,-0.00803217
2024-07,Guangzhou,second_hand,-0.00904074
2024-07,Shenzhen,new,-0.00904074
2024-07,Shenzhen,second_hand,-0.01207258
2024-07,Chengdu,new,-0.00601807
2024-07,Chengdu,second_hand,-0.00702461
2024-08,Beijing,new,-0.00501254
2024-08,Beijing,second_hand,-0.01005034
2024-08,Shanghai,new,0.00598207
2024-08,Shanghai,second_hand,-0.00601807
2024-08,Hangzhou,new,-0.0010005
2024-08,Hangzhou,second_hand,-0.00702461
2024-08,Guangzhou,new,-0.00501254
2024-08,Guangzhou,second_hand,-0.00702461
2024-08,Shenzhen,new,-0.00803217
2024-08,Shenzhen,second_hand,-0.01308524
2024-08,Chengdu,new,-0.01207258
2024-08,Chengdu,second_hand,-0.00501254
2024-09,Beijing,new,-0.00702461
2024-09,Beijing,second_hand,-0.01308524
2024-09,Shanghai,new,0.00598207
2024-09,Shanghai,second_hand,-0.01207258
2024-09,Hangzhou,new,-0.00601807
2024-09,Hangzhou,second_hand,-0.01409892
2024-09,Guangzhou,new,-0.00904074
2024-09,Guangzhou,second_hand,-0.01106095
2024-09,Shenzhen,new,-0.01005034
2024-09,Shenzhen,second_hand,-0.01308524
2024-09,Chengdu,new,-0.00803217
2024-09,Chengdu,second_hand,-0.00702461
2024-10,Beijing,new,-0.00702461
2024-10,Beijing,second_hand,0.00995033
2024-10,Shanghai,new,0.00299551
2024-10,Shanghai,second_hand,0.001998
2024-10,Hangzhou,new,-0.00400802
2024-10,Hangzhou,second_hand,0.00796817
2024-10,Guangzhou,new,-0.00702461
2024-10,Guangzhou,second_hand,-0.00400802
2024-10,Shenzhen,new,0.0009995
2024-10,Shenzhen,second_hand,0.00697561
2024-10,Chengdu,new,-0.00400802
2024-10,Chengdu,second_hand,0.00399202
2024-11,Beijing,new,-0.00501254
2024-11,Beijing,second_hand,0.00895974
2024-11,Shanghai,new,0.00598207
2024-11,Shanghai,second_hand,0.00399202
2024-11,Hangzhou,new,0.00895974
2024-11,Hangzhou,second_hand,0.00796817
2024-11,Guangzhou,new,-0.00300451
2024-11,Guangzhou,second_hand,-0.00400802
2024-11,Shenzhen,new,0.00299551
2024-11,Shenzhen,second_hand,0.00498754
2024-11,Chengdu,new,0.00498754
2024-11,Chengdu,second_hand,0.00697561
2024-12,Beijing,new,-0.0010005
2024-12,Beijing,second_hand,0.00498754
2024-12,Shanghai,new,0.00498754
2024-12,Shanghai,second_hand,0.00895974
2024-12,Hangzhou,new,0.00399202
2024-12,Hangzhou,second_hand,-0.002002
2024-12,Guangzhou,new,-0.0010005
2024-12,Guangzhou,second_hand,-0.00300451
2024-12,Shenzhen,new,0.001998
2024-12,Shenzhen,second_hand,0.0009995
2024-12,Chengdu,new,0.00598207
2024-12,Chengdu,second_hand,0.00299551
2025-01,Beijing,new,-0.00400802
2025-01,Beijing,second_hand,0.0009995
2025-01,Shanghai,new,0.00598207
2025-01,Shanghai,second_hand,0.00399202
2025-01,Hangzhou,new,0.00299551
2025-01,Hangzhou,second_hand,-0.00400802
2025-01,Guangzhou,new,0
2025-01,Guangzhou,second_hand,-0.002002
2025-01,Shenzhen,new,0.001998
2025-01,Shenzhen,second_hand,0.00399202
2025-01,Chengdu,new,0.00697561
2025-01,Chengdu,second_hand,0.001998
2025-02,Beijing,new,0.0009995
2025-02,Beijing,second_hand,0
2025-02,Shanghai,new,0.001998
2025-02,Shanghai,second_hand,-0.00400802
2025-02,Hangzhou,new,-0.0010005
2025-02,Hangzhou,second_hand,-0.002002
2025-02,Guangzhou,new,-0.002002
2025-02,Guangzhou,second_hand,-0.00300451
2025-02,Shenzhen,new,0.00399202
2025-02,Shenzhen,second_hand,0.00299551
2025-02,Chengdu,new,0.00299551
2025-02,Chengdu,second_hand,0.001998
2025-03,Beijing,new,-0.002002
2025-03,Beijing,second_hand,0.00498754
2025-03,Shanghai,new,0.00697561
2025-03,Shanghai,second_hand,0.00399202
2025-03,Hangzhou,new,0.00498754
2025-03,Hangzhou,second_hand,0.00995033
2025-03,Guangzhou,new,-0.0010005
2025-03,Guangzhou,second_hand,-0.002002
2025-03,Shenzhen,new,0.0009995
2025-03,Shenzhen,second_hand,0.00299551
2025-03,Chengdu,new,0.00498754
2025-03,Chengdu,second_hand,0.0009995
2025-04,Beijing,new,0.0009995
2025-04,Beijing,second_hand,-0.00601807
2025-04,Shanghai,new,0.00498754
2025-04,Shanghai,second_hand,0.0009995
2025-04,Hangzhou,new,0.00399202
2025-04,Hangzhou,second_hand,-0.00300451
2025-04,Guangzhou,new,-0.002002
2025-04,Guangzhou,second_hand,0
2025-04,Shenzhen,new,-0.0010005
2025-04,Shenzhen,second_hand,-0.00300451
2025-04,Chengdu,new,0.00299551
2025-04,Chengdu,second_hand,0.0009995
2025-05,Beijing,new,-0.00400802
2025-05,Beijing,second_hand,-0.00803217
2025-05,Shanghai,new,0.00697561
2025-05,Shanghai,second_hand,-0.00702461
2025-05,Hangzhou,new,0.00796817
2025-05,Hangzhou,second_hand,-0.00400802
2025-05,Guangzhou,new,-0.00803217
2025-05,Guangzhou,second_hand,-0.00803217
2025-05,Shenzhen,new,-0.00400802
2025-05,Shenzhen,second_hand,-0.00501254
2025-05,Chengdu,new,0.0009995
2025-05,Chengdu,second_hand,-0.002002
2025-06,Beijing,new,-0.00300451
2025-06,Beijing,second_hand,-0.01005034
2025-06,Shanghai,new,0.00399202
2025-06,Shanghai,second_hand,-0.00702461
2025-06,Hangzhou,new,0.001998
2025-06,Hangzhou,second_hand,-0.00803217
2025-06,Guangzhou,new,-0.00501254
2025-06,Guangzhou,second_hand,-0.00702461
2025-06,Shenzhen,new,-0.00601807
2025-06,Shenzhen,second_hand,-0.00501254
2025-06,Chengdu,new,-0.00300451
2025-06,Chengdu,second_hand,-0.00400802
2025-07,Beijing,new,0
2025-07,Beijing,second_hand,-0.01106095
2025-07,Shanghai,new,0.00299551
2025-07,Shanghai,second_hand,-0.00904074
2025-07,Hangzhou,new,-0.00300451
2025-07,Hangzhou,second_hand,-0.00702461
2025-07,Guangzhou,new,-0.00300451
2025-07,Guangzhou,second_hand,-0.01005034
2025-07,Shenzhen,new,-0.00601807
2025-07,Shenzhen,second_hand,-0.00904074
2025-07,Chengdu,new,-0.002002
2025-07,Chengdu,second_hand,-0.00400802
2025-08,Beijing,new,-0.00400802
2025-08,Beijing,second_hand,-0.01207258
2025-08,Shanghai,new,0.00399202
2025-08,Shanghai,second_hand,-0.01005034
2025-08,Hangzhou,new,0.00399202
2025-08,Hangzhou,second_hand,-0.0010005
2025-08,Guangzhou,new,-0.002002
2025-08,Guangzhou,second_hand,-0.00904074
2025-08,Shenzhen,new,-0.00400802
2025-08,Shenzhen,second_hand,-0.00803217
2025-08,Chengdu,new,-0.002002
2025-08,Chengdu,second_hand,-0.00702461
2025-09,Beijing,new,0.001998
2025-09,Beijing,second_hand,-0.00904074
2025-09,Shanghai,new,0.00299551
2025-09,Shanghai,second_hand,-0.01005034
2025-09,Hangzhou,new,0.00299551
2025-09,Hangzhou,second_hand,-0.00702461
2025-09,Guangzhou,new,-0.00601807
2025-09,Guangzhou,second_hand,-0.00803217
2025-09,Shenzhen,new,-0.01005034
2025-09,Shenzhen,second_hand,-0.01005034
2025-09,Chengdu,new,-0.00601807
2025-09,Chengdu,second_hand,-0.00601807
2025-10,Beijing,new,-0.0010005
2025-10,Beijing,second_hand,-0.01106095
2025-10,Shanghai,new,0.00299551
2025-10,Shanghai,second_hand,-0.00904074
2025-10,Hangzhou,new,0.0009995
2025-10,Hangzhou,second_hand,-0.00300451
2025-10,Guangzhou,new,-0.00803217
2025-10,Guangzhou,second_hand,-0.00904074
2025-10,Shenzhen,new,-0.00702461
2025-10,Shenzhen,second_hand,-0.00904074
2025-10,Chengdu,new,-0.01005034
2025-10,Chengdu,second_hand,-0.00803217
2025-11,Beijing,new,-0.00501254
2025-11,Beijing,second_hand,-0.01308524
2025-11,Shanghai,new,0.0009995
2025-11,Shanghai,second_hand,-0.00803217
2025-11,Hangzhou,new,-0.002002
2025-11,Hangzhou,second_hand,-0.00904074
2025-11,Guangzhou,new,-0.00501254
2025-11,Guangzhou,second_hand,-0.01207258
2025-11,Shenzhen,new,-0.00904074
2025-11,Shenzhen,second_hand,-0.01005034
2025-11,Chengdu,new,-0.00702461
2025-11,Chengdu,second_hand,-0.00904074
2025-12,Beijing,new,-0.00400802
2025-12,Beijing,second_hand,-0.01308524
2025-12,Shanghai,new,0.001998
2025-12,Shanghai,second_hand,-0.00601807
2025-12,Hangzhou,new,-0.00300451
2025-12,Hangzhou,second_hand,-0.00400802
2025-12,Guangzhou,new,-0.00601807
2025-12,Guangzhou,second_hand,-0.01005034
2025-12,Shenzhen,new,-0.00501254
2025-12,Shenzhen,second_hand,-0.00601807
2025-12,Chengdu,new,-0.00702461
2025-12,Chengdu,second_hand,-0.01106095
