path,bytes,sha256
data/interim/housing/legacy_docx/new_housing_2011_2018.docx,638469,795abe8a2fe7ea133e8abf99eeea2f2ab55f7087cd13aace068d80726eed4584
data/interim/housing/legacy_docx/new_housing_2019_2022.docx,366726,d4c6fcca83de2374dc869ad0bb34f744a881e8dec4a9db0f3ad4f879345afbea
data/interim/housing/legacy_docx/second_hand_housing_2011_2018.docx,436561,59aa36c871e41c0b51e0f92242f578ec2d257c6fb1f50d1e316f5b5fd4530ec8
data/interim/housing/legacy_docx/second_hand_housing_2019_2022.docx,237354,603f87f82bb0f54b1f18e05ddd6af41a3a729d84818008826be199f2a2b829a6
data/processed/analysis_panel.csv,184996,f78aab1ae220fa88d0f8030481711a407766285ac1d30d377714906c1d6a7938
data/processed/csi300_monthly.csv,10587,4fcc87b2667bde14add5b0091546ea7e6bb183ef598386f5a02264f035b73038
data/processed/housing_monthly.csv,78125,e1e4960bef5fb391321950eca318331637382fd2b838e253f4cf1b75c082e451
data/raw/housing/new/new_housing_2011_2018.doc,5301760,ddbb0f39d51e909001d93862ef8a6ba472df91df427aad3cfe86eb526b4bff7b
data/raw/housing/new/new_housing_2019_2022.doc,2369536,d8ee8785684e6c28af7638fbc9ae2d59b17f8df815de2f492a24c844aeeba277
data/raw/housing/new/new_housing_2023.docx,57321,be3725ded2e90e11bbe4cee557a8cbd3d649afaf1ec8a9066cc4f11c00ac7433
data/raw/housing/new/new_housing_2024.docx,64305,7a58dfd80e50eaa0c9c4c0b59f81f472951ba97c66b6e7365c82a392a3a2aa67
data/raw/housing/new/new_housing_2025.docx,68589,763efabb1386360df0cbb1ecd33d39034512bdb3d0d932890bb1c1cf4ddcb8a3
data/raw/housing/second_hand/nbs_overall_2024_2025/2024-01.html,811461,db18cbd07e73c27118e43c5fe8e4c2af392df941ce4fa6004ed6bf826f6cd6b7
data/raw/housing/second_hand/nbs_overall_2024_2025/2024-02.html,1395643,919a6577ef6e6c4adf5d2928a4df4956955d1794014edbf7c000e03a935def30
data/raw/housing/second_hand/nbs_overall_2024_2025/2024-03.html,1376501,a1aed22dafb1de3a6c519e2db67979aad70a5bd793deed1c1e3b05a622720c6f
data/raw/housing/second_hand/nbs_overall_2024_2025/2024-04.html,1376600,68f575a03a69e3c67d6771bca12bd427ad7835842c15805d7c84aa17e8b377d1
data/raw/housing/second_hand/nbs_overall_2024_2025/2024-05.html,1382964,aca64b41dbdcf848250bfebc47d19656326c2f7a6a03ca432e8834655a2314ab
data/raw/housing/second_hand/nbs_overall_2024_2025/2024-06.html,1385673,d8c0cad5f4395bc3a4260db8817122fdd4ca9765a6fec02346d06f2ead17a57f
data/raw/housing/second_hand/nbs_overall_2024_2025/2024-07.html,669618,421ad1174aee1df7f2081c1d0e2c3c55632909a0c6a6398e4837e6f807273ef0
data/raw/housing/second_hand/nbs_overall_2024_2025/2024-08.html,1837005,f6b908e5d136878c8cc0efaeba1655b5d541fe4c0fa633b8764e7ed5d409b24b
data/raw/housing/second_hand/nbs_overall_2024_2025/2024-09.html,1839265,c1db8d43f487530d18ad63a583959fc315902c9e6a4c14e9b33e4a905bdff4be
data/raw/housing/second_hand/nbs_overall_2024_2025/2024-10.html,895138,5b6ae241cdc3ec2e8857f32575d4b450076b8fdf49a6090762725701cdeec724
data/raw/housing/second_hand/nbs_overall_2024_2025/2024-11.html,1838368,f8eb7697a555cb16714fa6f192aa90419ce6aed1627214aeb6dc784565b9ff3c
data/raw/housing/second_hand/nbs_overall_2024_2025/2024-12.html,1837076,a633e28036b46bd41d916dcf67ac096d80c980321a55c06c3b400a53629f2ab9
data/raw/housing/second_hand/nbs_overall_2024_2025/2025-01.html,1001588,e207190df0531aa03e39bd5d92084823252adab8153d8cb0db8ce58054a83858
data/raw/housing/second_hand/nbs_overall_2024_2025/2025-02.html,1389896,6295f589b3a1c5f16f9aa4c939d0b4fba18b5f9e5d57e8dd02a1d4438b5852e1
data/raw/housing/second_hand/nbs_overall_2024_2025/2025-03.html,1384730,dc2a91545e3d667189f509a25ae7573c5948e2ae1e85181039300320c106c077
data/raw/housing/second_hand/nbs_overall_2024_2025/2025-04.html,1831608,b3a154042127d6a56a2a8ac53f6f8c6c0c9f380755825c436a473b3522b07096
data/raw/housing/second_hand/nbs_overall_2024_2025/2025-05.html,1845310,2a9bda44e8dffd0debfa80f200ee0e74ece20fa44ecc87683f36bdcd8cebaaa2
data/raw/housing/second_hand/nbs_overall_2024_2025/2025-06.html,1384290,0c5bd01a55967bc0924f7df22283b30ff5176c4b661d534d55abacf49916330a
data/raw/housing/second_hand/nbs_overall_2024_2025/2025-07.html,667300,a4578ded08a8842cab72a6755c6656ea4dcae0a89ba889b3af6663272586496a
data/raw/housing/second_hand/nbs_overall_2024_2025/2025-08.html,1385106,4f28d069d81f777b4a7096ce2ea0b672614d5c1dfae3346a9217300ce1884554
data/raw/housing/second_hand/nbs_overall_2024_2025/2025-09.html,1384668,533ee0f4928d1f809a425ef5eb8bd714173a05bb103061c168d8517994579157
data/raw/housing/second_hand/nbs_overall_2024_2025/2025-10.html,1385010,194a15ada93a5e52d3036642612c9669ff10a40e933a372300849c9b19a3df41
data/raw/housing/second_hand/nbs_overall_2024_2025/2025-11.html,1384722,3741f0a0674f1d01c3c5ecee89fa3d019914c09893c2a11c08b748a313eac4ba
data/raw/housing/second_hand/nbs_overall_2024_2025/2025-12.html,667925,fa8aa18748852983bcc368f1bbdaa53f146f97054c640d61f0151528850609cf
data/raw/housing/second_hand/nbs_overall_2024_2025/source_urls.csv,1755,4203d0d5d4357dfa72718ae4624e6d8bbaea3034e107686977d62afee56aeed2
data/raw/housing/second_hand/second_hand_housing_2011_2018.doc,5280768,298eaf9cd2cd5e9602a501e73c09db5d37794642358108cde3994f8d03d4c8bc
data/raw/housing/second_hand/second_hand_housing_2019_2022.doc,2358272,409d244324c35d9ad9c1594b9e663e0ed941f099ae50f2546e36b6b3dcc626aa
data/raw/housing/second_hand/second_hand_housing_2023.docx,54818,8f996466bbc9137ad8531bb651e88c5e4635c2a430ba8866bb764ad162eacf5c
data/raw/stock/csi300_official_daily_2010_09_12.json,26789,0d039514299daad175f52e250100ffcc6f8cacb22fc3e6badaf304e77c8afcac
data/raw/stock/csi300_official_daily_2011_2025.json,1223153,b28b372ac722babf79a9a4c09d09df3bcfe62ac52a9b6147e8fcb63e398a46d4
data/README.md,690,17911c93a3fcd677469c9b300cb480c026b94409e8af91f04210a8ac394fe9f2
data/source_manifest.csv,2720,3508588428cb4e85d9ffdf5068ec58be487bf1a52250dbb5a9dec75c08337db6
