month,url
2024-01,https://www.stats.gov.cn/xxgk/sjfb/zxfb2020/202402/t20240223_1947808.html
2024-02,https://www.stats.gov.cn/sj/zxfb/202403/t20240322_1948125.html
2024-03,https://www.stats.gov.cn/sj/zxfb/202404/t20240416_1948557.html
2024-04,https://www.stats.gov.cn/sj/zxfb/202405/t20240517_1950386.html
2024-05,https://www.stats.gov.cn/sj/zxfb/202406/t20240617_1954705.html
2024-06,https://www.stats.gov.cn/sj/zxfb/202407/t20240715_1955602.html
2024-07,https://www.stats.gov.cn/xxgk/sjfb/zxfb2020/202408/t20240815_1955978.html
2024-08,https://www.stats.gov.cn/sj/zxfb/202409/t20240914_1956479.html
2024-09,https://www.stats.gov.cn/sj/zxfb/202410/t20241018_1957035.html
2024-10,https://www.stats.gov.cn/xxgk/sjfb/zxfb2020/202411/t20241115_1957419.html
2024-11,https://www.stats.gov.cn/sj/zxfb/202412/t20241216_1957755.html
2024-12,https://www.stats.gov.cn/sj/zxfb/202501/t20250117_1958323.html
2025-01,https://www.stats.gov.cn/sj/zxfb/202502/t20250219_1958761.html
2025-02,https://www.stats.gov.cn/sj/zxfb/202503/t20250317_1959009.html
2025-03,https://www.stats.gov.cn/sj/zxfb/202504/t20250416_1959311.html
2025-04,https://www.stats.gov.cn/sj/zxfb/202505/t20250519_1959852.html
2025-05,https://www.stats.gov.cn/sj/zxfb/202506/t20250616_1960163.html
2025-06,https://www.stats.gov.cn/sj/zxfb/202507/t20250715_1960403.html
2025-07,https://www.stats.gov.cn/zwfwck/sjfb/202508/t20250815_1960781.html
2025-08,https://www.stats.gov.cn/sj/zxfb/202509/t20250915_1961175.html
2025-09,https://www.stats.gov.cn/sj/zxfb/202510/t20251020_1961597.html
2025-10,https://www.stats.gov.cn/sj/zxfb/202511/t20251114_1961850.html
2025-11,https://www.stats.gov.cn/sj/zxfb/202512/t20251215_1962069.html
2025-12,https://www.stats.gov.cn/zwfwck/sjfb/202601/t20260119_1962319.html
